Question,Answer
How can I sell my product in Amazon’s stores?,How can I sell my product in Amazon’s stores? Register on mazon for the flexibility to sell one item or thousands.Choose a selling plan based on your 
What can I sell in Amazon’s store?,"The possibilities are virtually limitless. What you can sell depends on the product, the product category, and the brand. Some categories are open to "
What items can’t be sold in Amazon’s store?,"""Some products may not be listed as a matter of compliance with legal or regulatory restrictions (for example, prescription drugs) or Amazon policy (f"
How do beginners sell in Amazon’s store?,"Getting started is as simple as choosing a selling plan and setting up an Amazon seller account. In order to complete your registration, make sure you"
What can I sell in Amazon’s store as a new seller?,"There are many opportunities for new sellers in Amazon’s store. What you can sell depends on the product, the category, and the brand. Some categories"
How do I register to sell in Amazon’s store?,"To get started as an Amazon seller, begin by choosing a selling plan and setting up an Amazon selling account. Make sure you have access to your bank "
Is being an Amazon seller profitable?,"Selling in Amazon’s store can be very profitable. On average, American small- and medium-sized businesses (SMBs) sell more than 6,500 products per min"
What sells the most in Amazon’s store?,"Top selling items on any given day may include books, baby items, electronics, kitchen supplies, outdoor gear—the list goes on. Check out Amazon Best "
How do I sell books in Amazon’s store?,"To sell books:
Decide what type of books you want to sell
Create an Amazon seller account
Choose between a pay-as-you-sell Individual selling plan "
How do I publish a book with Amazon?,Hundreds of thousands of authors from around the world have self-published millions of books through Kindle Direct Publishing (KDP). Thousands of inde
How do I sell with Amazon Handmade?,"Once you create a selling account, submit an application to join Amazon Handmade. If you are approved, you will have the ability to create a store and"
How do I increase Amazon sales?,There are many ways to increase sales in Amazon’s store. Appeal to Prime members by using Fulfillment by Amazon (FBA) to offer customers Prime shippin
