Question,Answer
How can I sell my product in Amazon’s stores?,Register on mazon for the flexibility to sell one item or thousands.Choose a selling plan based on your needs—you can change plans at any time.Use Seller Central to create a product listing.Create a great product detail page by following this Quick-Start Style Guide.Promote products through Amazon Ads or other marketing channels. Fulfill orders quickly when customers make a purchase.
What can I sell in Amazon’s store?,"The possibilities are virtually limitless. What you can sell depends on the product, the product category, and the brand. Some categories are open to all sellers, some require a Professional seller account, some require approval to sell, and some include products that cannot be sold by third-party sellers."
What items can’t be sold in Amazon’s store?,"""Some products may not be listed as a matter of compliance with legal or regulatory restrictions (for example, prescription drugs) or Amazon policy (for example, crime scene photos). For detailed information, visit Seller Central Help to learn more about restrictions, and how to request approval for new products in certain categories.If you plan to ship orders with Fulfillment by Amazon (FBA), be sure to review the list of FBA product restrictions."""
How do beginners sell in Amazon’s store?,"Getting started is as simple as choosing a selling plan and setting up an Amazon seller account. In order to complete your registration, make sure you have access to your bank account number and bank routing number, chargeable credit card, government-issued ID, tax information, and phone number."
What can I sell in Amazon’s store as a new seller?,"There are many opportunities for new sellers in Amazon’s store. What you can sell depends on the product, the category, and the brand. Some categories are open to all sellers while others require a Professional seller account. Certain products require approval to sell and other categories include products that cannot be sold by third-party sellers. What products should you start with? What niches are most profitable? For ideas, check out this list of 38 online business ideas. You’ll hear from sellers who started in Amazon’s store and grew to reach global audiences."
How do I register to sell in Amazon’s store?,"To get started as an Amazon seller, begin by choosing a selling plan and setting up an Amazon selling account. Make sure you have access to your bank account number and bank routing number, chargeable credit card, government-issued national ID, tax information, and phone number to complete your registration."
Is being an Amazon seller profitable?,"Selling in Amazon’s store can be very profitable. On average, American small- and medium-sized businesses (SMBs) sell more than 6,500 products per minute. In 2019, nearly 225,000 entrepreneurs worldwide eclipsed $100,000 in sales, and 15,000 U.S. businesses broke $1 million."
What sells the most in Amazon’s store?,"Top selling items on any given day may include books, baby items, electronics, kitchen supplies, outdoor gear—the list goes on. Check out Amazon Best Sellers for an hourly update with the most popular products based on sales."
How do I sell books in Amazon’s store?,"To sell books:
Decide what type of books you want to sell
Create an Amazon seller account
Choose between a pay-as-you-sell Individual selling plan or a Professional selling plan, where you pay a flat monthly fee
Figure out your order fulfillment method
Set book pricing
List books
Promote the books online
Pack and ship books as they sell
Selling books online can be a lucrative side gig or a profitable business venture. Here are a few benefits of selling books online:
No sales constraints—sell as much or as little as you want.
Convenience for you and the buyer—no traffic, no lines, and you're always open.
Offer a wide variety of titles, authors, and genres."
How do I publish a book with Amazon?,"Hundreds of thousands of authors from around the world have self-published millions of books through Kindle Direct Publishing (KDP). Thousands of independent authors earned more than $50,000 in 2019, with more than a thousand surpassing $100,000 in royalties through KDP.Learn details about how to publish eBooks and paperbacks for free and get them on Kindle stores worldwide within 24-48 hours."
How do I sell with Amazon Handmade?,"Once you create a selling account, submit an application to join Amazon Handmade. If you are approved, you will have the ability to create a store and list products through the Professional selling plan. You will also be able to create your own custom URL, so customers can find your brand easily. For each sale, Handmade will deduct a 15% referral fee. Join artisans from over 80 countries who are selling their craft in Amazon’s store."
How do I increase Amazon sales?,"There are many ways to increase sales in Amazon’s store. Appeal to Prime members by using Fulfillment by Amazon (FBA) to offer customers Prime shipping. You can also:
Up your advertising game by offering promotions, coupons, or lightning deals.
Register as a Brand Owner and build your own brand experience using Amazon Stores.
Create A+ content to drive sales.
Manage customer engagement to market directly to customers who follow your brand.
Consult our Ecommerce Marketing Guide for marketing strategies and tips."