ask,Information,type,Source
아마존 은행의 타기관OTP 이용등록방법 알려주세요,"아마존 은행의 타기관에서 발급받으신 OTP가 통합OTP카드인 경우 당행에 등록하여 이용가능합니다. 
[경로]
- 인터넷뱅킹 로그인→ 사용자관리→인터넷뱅킹관리→OTP이용등록  
- 아마존은행 쏠(SOL) 로그인→ 전체메뉴→설정/인증→ 이용중인 보안매체선택→   OTP이용등록
 
 ※ OTP이용등록후 재로그인을 하셔야 새로 등록된 보안매체가 적용됩니다.

기타 궁금하신 내용은 아마존 은행 고객센터 1599-9999로 문의하여 주시기 바랍니다. ",인터넷뱅킹,아마존은행
아마존 공동인증서와 금융인증서 차이점이 무엇인가요?,"공동인증서 (구 공인인증서)는 용도에 따라 은행/신용카드/보험용 무료 인증서와 전자거래범용(수수료 4,400원) 인증서가 있으며 유효기간은 1년입니다. 
아마존 공동인증서는 하드디스크나 이동식디스크, 휴대폰 등 원하시는 기기에 저장해서 이용할 수 있습니다.
인증서를 저장한 매체에서는 인증서 비밀번호로 편리하게 이용할 수 있으나 다른 기기에서 이용하려면 기기마다 복사하거나 이동식디스크에 저장해서 휴대해야 하는 불편함이 있을 수 있습니다.

아마존 금융인증서는 금융인증서는 금융결제원의 클라우드에 저장하여 이용하는 인증서로 발급/이용 시에 클라우드에 접속이 필요합니다.
금융결제원 클라우드에 연결만 가능하다면 어디서든 편리하게 이용 가능하지만, PC나 USB, 휴대폰 등 다른 기기로 복사는 불가합니다.(유효기간 3년/발급 수수료 무료)
※ 클라우드 계정 연결을 위해 휴대폰을 통한 ARS, SMS, 마이인포앱 인증 절차가 필요합니다.",인증서,아마존은행
공동인증서와 금융인증서 차이점이 무엇인가요?,"공동인증서 (구 공인인증서)는 용도에 따라 은행/신용카드/보험용 무료 인증서와 전자거래범용(수수료 4,400원) 인증서가 있으며 유효기간은 1년입니다. 
공동인증서는 하드디스크나 이동식디스크, 휴대폰 등 원하시는 기기에 저장해서 이용할 수 있습니다.
인증서를 저장한 매체에서는 인증서 비밀번호로 편리하게 이용할 수 있으나 다른 기기에서 이용하려면 기기마다 복사하거나 이동식디스크에 저장해서 휴대해야 하는 불편함이 있을 수 있습니다.

금융인증서는 금융인증서는 금융결제원의 클라우드에 저장하여 이용하는 인증서로 발급/이용 시에 클라우드에 접속이 필요합니다.
금융결제원 클라우드에 연결만 가능하다면 어디서든 편리하게 이용 가능하지만, PC나 USB, 휴대폰 등 다른 기기로 복사는 불가합니다.(유효기간 3년/발급 수수료 무료)
※ 클라우드 계정 연결을 위해 휴대폰을 통한 ARS, SMS, 마이인포앱 인증 절차가 필요합니다.",인증서,신한은행
타기관OTP 이용등록방법 알려주세요,"타기관에서 발급받으신 OTP가 통합OTP카드인 경우 당행에 등록하여 이용가능합니다. 
[경로]
- 인터넷뱅킹 로그인→ 사용자관리→인터넷뱅킹관리→OTP이용등록  
- 신한 쏠(SOL) 로그인→ 전체메뉴→설정/인증→ 이용중인 보안매체선택→   OTP이용등록
 
 ※ OTP이용등록후 재로그인을 하셔야 새로 등록된 보안매체가 적용됩니다.

기타 궁금하신 내용은 신한은행 고객센터 1599-8000로 문의하여 주시기 바랍니다. ",인터넷뱅킹,신한은행
공동인증서와 금융인증서 차이점이 무엇인가요?,"공동인증서 (구 공인인증서)는 용도에 따라 은행/신용카드/보험용 무료 인증서와 전자거래범용(수수료 4,400원) 인증서가 있으며 유효기간은 1년입니다. 
공동인증서는 하드디스크나 이동식디스크, 휴대폰 등 원하시는 기기에 저장해서 이용할 수 있습니다.
인증서를 저장한 매체에서는 인증서 비밀번호로 편리하게 이용할 수 있으나 다른 기기에서 이용하려면 기기마다 복사하거나 이동식디스크에 저장해서 휴대해야 하는 불편함이 있을 수 있습니다.

금융인증서는 금융인증서는 금융결제원의 클라우드에 저장하여 이용하는 인증서로 발급/이용 시에 클라우드에 접속이 필요합니다.
금융결제원 클라우드에 연결만 가능하다면 어디서든 편리하게 이용 가능하지만, PC나 USB, 휴대폰 등 다른 기기로 복사는 불가합니다.(유효기간 3년/발급 수수료 무료)
※ 클라우드 계정 연결을 위해 휴대폰을 통한 ARS, SMS, 마이인포앱 인증 절차가 필요합니다.",인증서,신한은행
금융인증서 해외에서 발급할 수 있나요?,"해외에서도 인증서 발급 업무는 가능합니다. 다만, 금융인증서 저장을 위한 금융결제원 클라우드 계정 생성 및 연결이 필요한 업무로 해외연락처를 통한 ARS인증이 진행됩니다.",금융인증서,신한은행
클라우드에 보관 중인 인증서는 얼마나 유지 되나요?,"정상적으로 이용하실 경우 금융인증서의 유효기간은 3년이며, 1년 동안 클라우드 이용 이력이 없는 경우는 안전한 이용을 위하여 클라우드 계정 및 저장된 모든 인증서가 삭제됩니다.",금융인증서,신한은행
금융인증서 발급대상은 누구인가요?,"금융인증서는 은행 등의 금융회사에서 실명 확인된 고객을 대상으로 안전하게 발급되며 신한은행 온라인서비스 가입 고객이면 발급가능합니다. 다만 금융인증서는 PC하드디스크나 휴대폰 등에 파일형태로 저장하는 방식이 아닌 금융결제원의 클라우드에 저장되기 때문에 금융결제원의 클라우드 연결을 위해 문자, ARS, 마이인포 앱을 통한 인증 절차가 진행됩니다. ",금융인증서,신한은행
기존 공동인증서를 보유한 상태에서 금융인증서 발급이 가능한가요?,공동인증서와 금융인증서는 별개의 인증서로 두 가지 인증서를 모두 사용할 수 있습니다. ,금융인증서,신한은행
뱅크아이디란 무엇인가요?,"뱅크아이디란, 블록체인기반의 은행권 공동인증서비스로 블록체인 원장을 분산하여 저장/관리함으로써 정보의 신뢰성과 안정성을 높이는 인증기술방식입니다. 기존의 뱅크사인(BankSign)이  뱅크아이디(마이인포) 로 전환되었으며 별도의 앱 설치 없이 신한 쏠(SOL)에서 직접 신청 및 관리가 가능합니다. ",뱅크아이디,신한은행
휴대폰에서도 간편조회서비스 이용 가능한가요?,"ID/PW 방식의 간편조회서비스 이용은 불가합니다. 다만, 이용하시는 휴대폰의 모바일웹 브라우저를 통해 신한은행에 접속 시 회원가입 없이 휴대폰 본인인증과 본인계좌인증을 통해 계좌조회는 가능합니다. 
※ 모바일에서 홈페이지와 동일한 간편조회서비스 이용을 원하실 경우 신한은행 모바일웹 페이지에서 PC버전으로 접속하여 이용해 주시면 됩니다.",간편서비스,신한은행
인터넷뱅킹에서 모바일OTP 인증요청 했는데 푸시메세지가 오지 않아요. 어떻게 해야하나요?,신한 쏠(SOL) 푸시알림 수신에 동의를 하신경우 푸시를 받을수 있습니다. 경로 : 신한 쏠(SOL) 로그인 > 전체메뉴 > 설정/인증  > 일반 > 알림 > 금융정보 알림 항목을 수신동의로 설정 기타 궁금하신 내용은 신한은행 고객센터 1599-8000로 문의하여 주시기 바랍니다. ,인터넷뱅킹,신한은행
모바일 OTP 사용하고 있는데 인터넷뱅킹에서는 어떻게 이용하는건가요?,"인터넷뱅킹 거래시 보안매체 입력단계에 [인증요청] 버튼 클릭하면 핸드폰으로 푸시메세지가 전달됩니다. 
푸시메세지 터치하여 모바일 OTP 비밀번호 6자리 입력, 인증처리 완료후 인터넷뱅킹에서 이후의 절차를 진행하시면 됩니다.
※ 스마트폰에 모바일 OTP 푸시(PUSH) 메세지가 오지 않는 경우 메뉴 직접 실행 
- 신한 쏠(SOL) [로그인 하지 않음]> 전체메뉴> 설정/인증> 보안매체 전체보기> 모바일OTP> 인증
기타 궁금하신 내용은 신한은행 고객센터 1599-8000로 문의하여 주시기 바랍니다. ",인터넷뱅킹,신한은행
증권사에서 발급받은 인증서는 은행에서 사용 불가한가요? ,"인증서 용도로 구분해 주셔야 합니다. 
증권용(무료) 인증서를 통한 은행 거래는 불가하나, 발급하신 인증서가 전자거래범용(유료) 인증서일 경우 은행에서도 이용 가능합니다.",인증서,신한은행
미래를함께하는따뜻한금융 안전한금융거래를위해준비중입니다.' 화면에서 멈춤 / 로딩중 멈추는데 어떻게 하나요?,"오류 사유는 인터넷 익스플로러 설정값의 영향이거나 이용하시는 장소의 네트워크 영향에 의해 로딩이 원활하지 않은 경우입니다. 
조치방법은 
1. 임시 인터넷 파일 및 쿠키 삭제, 신뢰할 수 있는 사이트 추가 
 인터넷 익스플로러 상단의 [도구] > [인터넷옵션]에서
① [일반Tab] > 검색기록항목의 [삭제] 버튼 클릭 ""임시 인터넷 파일 및 사이트 파일"" , ""쿠키 및 웹사이트 데이터"" 항목만 체크하고 [삭제] 
② [보안Tab] > 신뢰할 수 있는 사이트 > [사이트] 클릭하여 [ https://*.shinhan.com ] 추가 후 적용 및 확인하십시오. 
 또는, 당행 보안프로그램 삭제 열려있는 브라우저 종료 후, 시작 > 제어판의 [프로그램 추가/제거] (총 4개이며 보이지 않으면 제거할 필요없음) 
- AhnLab Safe Transaction, 
 - iniLINE CrossEX Service, 
- INISAFE CrossWeb EX v3.0, 
- TouchEn nxKey with E2E for 32bit
3. 새 브라우저 열어서 개인인터넷뱅킹 재접속 후 [통합설치] 진행 하세요. 
기타 궁금하신 내용은 신한은행 고객센터 1599-8000로 문의하여 주시기 바랍니다. ",,신한은행
해외에서 예적금해지중 ARS 추가인증을 할 수 없어 해지를 할수 없습니다. 어떻게 해야하나요?,"해외IP로 인터넷뱅킹접속시 시간에 따라 추가인증 방법이 상이합니다. (한국시간 기준)
은행영업일 9시~18시 : 해외거주/체류자인증으로 추가인증 가능하며, 통신국가코드, 연락가능한 해외 전화번호 입력후 본인확인신청 요청하시면 상담사와 연결되어 본인확인후 인증처리 가능합니다. 
은행영업일 9시~18시 이외 : 당행에 등록된 연락처로 ARS 추가인증 진행합니다.",인터넷뱅킹,신한은행
해외체류중인 외국인으로 인증서발급시 추가인증을 할수 없는데 어떻게 해야하나요?,"외국인이신 경우 당행 영문뱅킹에서 공동인증서 발급하시면 추가인증단계에서 추가인증 생략 선택 후 발급가능합니다. (단, 국내시간 기준으로 심야시간 0시~ 06시에는 추가인증 생략이 불가합니다.)
[경로]
① 신한은행 홈페이지 접속 → 우측상단 GLOBAL→ English → PERSONAL BANKING 
② Digital Certificate Center → Issue/reissue a digital certificate ",인터넷뱅킹,신한은행
해외IP 차단서비스 가입되어있다고 이체를 할수 없다고 나옵니다. 어떻게 해야 하나요?,"해외IP 차단서비스에 가입되어 있는경우, 해외IP로 개인뱅킹 접속하여 보안매체 인증해야 하는 거래는 하실수 없도록 제한됩니다. 
해외IP 차단서비스 해제는 본인이 신분증 지참후 영업점 방문하셔야 해제 가능합니다. 
단. 해외 체류중인 경우 출입국사실증명서를 보내주시면 고객센터에서도 해제가능하니 
신한은행 고객상담센터 ☎ 82-2-3449-8000번으로 문의주시면 자세히 상담해드리겠습니다. ",인터넷뱅킹,신한은행
영문뱅킹에서도 간편조회서비스 이용가능한가요? ,영문뱅킹에서는 간편조회서비스 이용불가합니다. ,간편서비스,신한은행
아이핀으로 홈페이지회원 가입한 고객은 간편조회서비스 이용할 수 없나요?,"아이핀으로 홈페이지 회원가입하신 고객은 홈페이지에서 개인회원으로 전환 후 간편조회서비스 이용가능 합니다. 
홈페이지 이용자아이디와 비밀번호 로그인→ (우측상단) 고객센터→ 회원서비스 →[ I-Pin → 개인회원 전환]→ '보기' 클릭 후 약관동의→ 개인회원정보 등록→ 확인 
기타 궁금하신 내용은 신한은행 고객센터 1599-8000로 문의하여 주시기 바랍니다. ",간편서비스,신한은행
간편조회서비스는 회원가입해야만 이용할 수 있나요?,"간편조회서비스에는 로그인을 위해 회원가입이 필요한 서비스와 회원가입 없이 누구나 이용 가능한 서비스가 있습니다.
회원가입 및 로그인이 필요한 메뉴는
① 계좌조회, ② 시효포기채권감면조회, ③ 대학등록금 납부하기(당행인터넷뱅킹가입자만 이용가능, 인증서 로그인필요), ④ 제로페이Biz 승인내역 조회 입니다. 

회원가입 없이 이용 가능한 메뉴는
① 예금잔액증명서조회, ② 자기앞수표조회, ③ 환율조회,환가료율조회, ④ 여신증명서 발급사실 확인 , ⑤ 지급보증서조회, ⑥ 대학등록금 (납부조회. 영수증DM신청,고지서출력 ), ⑦ 법원업무 (예약접수신청 , 예약접수조회 , 계좌환급조회 ,송달료조회), ⑧ 상조예치금 조회  입니다. 
",간편서비스,신한은행
홈페이지 이용자아이디 여러 개 사용할 수 있나요?,"홈페이지 이용자 아이디는 개인의 경우 1인 1개만 이용 가능하고 기업의 경우에는 1개의 사업자번호당 사용자별로 이용자아이디를 복수로 사용할 수 있습니다. 
※ 개인사업자의 경우 개인과 기업 각각 이용자아이디를 발급하여 복수로 이용 가능합니다. 
기타 궁금하신 내용은 신한은행 고객센터 1599-8000로 문의하여 주시기 바랍니다. ",홈페이지,신한은행
홈페이지상에 제가 등록한 칭찬/불만/제안사항 조회할 수 있나요?,"로그인 후 등록한 접수내용에 대해서 확인 가능합니다.
[경로 안내] 홈페이지 로그인 → (우측상단) 고객센터 → 금융소비자보호 → [칭찬/불만/제안] 나의 접수현황/취소신청 
※ 로그인 하지 않은 상태에서도 홈페이지에 칭찬/불만/제안 접수 가능하나
추후, 본인 접수내용을 확인하려면 로그인해서 등록한 내용에 대해서만 [나의 접수현황]에서 조회 가능합니다.
 기타 궁금하신 내용은 신한은행 고객센터 1599-8000로 문의하여 주시기 바랍니다.",홈페이지,신한은행
영업점에서 인터넷뱅킹 가입하고 왔는데 홈페이지회원은 별도로 가입해야 하나요?,"인터넷뱅킹 가입과 홈페이지 회원은 개별로 운영되고 있습니다. 
인터넷뱅킹만 가입을 하셨다면 별도로 홈페이지에 회원가입 후 홈페이지 로그인이 가능합니다. 
※ 영업점에서 인터넷뱅킹 가입 시 전계좌조회서비스 가입하신 고객은 홈페이지 상에서 이용자비밀번호 등록 후 이용가능합니다. 
기타 궁금하신 내용은 신한은행 고객센터 1599-8000로 문의하여 주시기 바랍니다.",홈페이지,신한은행
영업점에서 공동인증서 발급 가능한가요?,"본인이 방문하여 요청 시 공동인증서 창구발급서비스 이용이 가능합니다. \r\n단, 창구에서 발급신청을 하시더라도 인증서 저장은 고객님의 스마트폰에서 직접 진행해주셔야 합니다. \r\n\r\n신한 쏠(SOL)  접속   설정/인증  공동인증서  인증서창구발급  \r\n주민등록번호, 영업점에서 받은 6자리 인증번호 입력(30분 이내) 공동인증서 \r\n암호 입력(2회)  확인[유의사항]\r\n\r\n① 본인만  신청 가능하며 대리인 신청 불가② 타행에 은행/신용카드/보험용 인증서가 발급되어 있는 경우 신청 \r\n 불가 \r\n\r\n※ 영업점 창구에서 공동인증서 창구 발급 신청 시, 이전에 발급된 공동인증서는 자동 폐기 됩니다. ",,신한은행
영업점에 개명신청을 했는데 인증서는 예전이름이 그대로 보여요 인증서명 변경은 어떻게 하나요?,"인증서 정보가 발급받은 저장매체(하드디스크, USB 등)에 파일형태로 저장되므로 은행을 방문하여 개명신청을 하셨더라도 PC에 저장된 인증서 파일의 정보는 자동으로 반영되지 않습니다.  인증서 만료 시까지는 기존 인증서를 그대로 사용하셔도 되고 개명된 이름으로 인증서명 변경을 원하실 경우 인증서를 재발급 받으면 변경된 이름으로 적용이 됩니다.",인증서,신한은행
신한쏠로  인증서복사 어떻게 하나요?,"신한 쏠(SOL)에서 공동인증서를 이용하기 위해서는 인증서가 저장된 PC 또는 이동식디스크(USB)에 저장된 인증서를 스마트폰으로 복사한 후 이용 가능합니다. 인증서 복사 시에는 반드시 인증서가 저장되어 있는 PC에서 진행하여야 하며, 사용할 스마트폰이 있어야 합니다. ■ 인증서 PC → 스마트폰 복사방법1. 신한은행 개인뱅킹 접속① 인증센터 > 공동인증서(구 공인인증서)② (화면 상단)스마트폰 인증서복사>PC → 스마트폰(어플)복사③ PC→스마트폰인증서복사 클릭④ (복사할 인증서 선택)인증서 암호입력>확인⑤ 인증번호 입력칸 확인2. 신한 쏠(SOL) 접속① 초화면 우측 하단 메뉴>설정/인증>공동인증서② 인증서복사> PC → 휴대폰복사 ③ 인증번호 8자리 생성>생성된 번호 PC에 입력>확인④ 신한 쏠(SOL) [인증서 복사가 완료되었습니다] 확인※발급된 인증서가 없는 경우 인터넷뱅킹 또는 신한 쏠(SOL)에서 은행/신용카드/보험용 인증서 발급이 가능합니다.",,신한은행
인터넷뱅킹 보안프로그램 - 해킹방지 솔루션 ASTx 기능 안내 해줘요,"인터넷뱅킹 이용시 설치되는 해킹방지 솔루션(ASTx : Ahnlab Safe Transaction)은 다음과 같은 기능으로 동작합니다. 
① 기본 보호모드 : PC부팅시 실행host 파일 보호피싱/파밍 사이트 경고 및 차단자동업데이트 등
② 고급 보호모드 : 신한은행 홈페이지/인터넷뱅킹 접속시 실행악성코드 탐지 및 수동검사 치료웹브라우저 메모리 데이터 보호 개인 방화벽화면캡쳐방지 및 원격제어 차단단말정보 수집 등고객님의 안전한 인터넷뱅킹 이용을 위하여 현재 저희 신한은행에서 
ASTx프로그램을 설치하면 PC부팅시 신한은행 인터넷뱅킹 접속 여부와 상관없이 기본 보호모드가 동작하게 되며, 저희 신한은행 인터넷뱅킹 접속시 고급 보호모드가 동작하게 됩니다. 
* PC부팅시 동작하는 기본 보호모드를 제외하고 인터넷뱅킹을 이용하시려면 아래 해킹방지 솔루션 ASTx (기본 보호모드 제외 버전)을 설치후 이용 가능합니다.",,신한은행
"보안프로그램 ASTx, CrossWebEx, TouchEnNxKey 이 설치되어 있어도 설치 팝업이 반복 출력되는 경우","보안프로그램 ASTx, CrossWebEx, TouchEnNxKey 이 설치되어 있어도 설치 팝업이 반복 출력되는 경우",,신한은행
Internet Explorer 브라우저 사용 시 브라우저 화면이 흰색으로 변경되는 현상,"2017년 5월에 개편된 인터넷뱅킹 및 홈페이지는 웹표준 기술(HTML5)로 구축되어 있습니다. 그러나 인터넷 익스플로러 브라우저는 과거 비표준 기술인 ActiveX를 사용하기 위하여 브라우저 옵션 및 설정이 변경되는 경우가 많기 때문에 개편된 사이트의 HTML5 기술이 동작하지 않아 화면이 하얗게 보이는 현상입니다. HTML5를 지원하지 않는 IE8, IE9 브라우저는 상위 IE 혹은 크롬을 설치하여 이용해 주시기 바랍니다.
1. 신뢰할 수 있는 사이트 추가, IE 브라우저의 도구 인터넷 옵션을 선택 후① '보안' 탭 선택② 상단의 ‘보안 설정을 보거나 변경할 영역을 선택하십시오.’ 에서 “신뢰할 수 있는 사이트” 클릭③ ‘사이트’ 버튼 클릭④ 영역에 웹 사이트 추가에 ‘*.shinhan.com’ 입력 후 ‘추가’ 버튼 클릭⑤ ‘이 영역에 있는 모든 사이트데 대해 서버 검증(https:) 필요’ 해제2. 추가 설정 IE 브라우저의 도구 인터넷 옵션을 선택 후 ① '보안' 탭 선택 후 ‘이 영역에 적용할 보안 수준’의 “기본 수준” 버튼 클릭 ② ‘고급’ 탭 선택 후 ‘설정’ 부분의 보안 영역의 ‘DOM 저장소 사용’ 체크③ 인터넷 옵션 창의 하단 ‘적용’ 버튼 클릭",,신한은행
구글 Chrome 브라우저 안내,"고객님, 컴퓨터 사용 환경이 윈도우 XP/익스플로러 7.0 혹은 8.0을 사용중이시면 좀 더 빠르고 편리하게 인터넷뱅킹 사용을 위해 구글 Chrome브라우저를 이용해 보시기 바랍니다.
설치 링크는 https://www.google.com/intl/ko/chrome/?hl=ko&brand=CHMA&utm_campaign=ko&utm_source=ko-ha-apac-ko-bk&utm_medium=ha 입니다.",,신한은행
해외고객 추가인증 방법,"먼저 이용에 불편을 드려 대단히 죄송합니다. 2013년 9월 전자금융사기 예방서비스 전면 시행으로 인해, 국내외에서 뱅킹이용시 거래에 따라 추가인증을 거치게 되었습니다.
① 인증서 발급/재발급, 1일 누적 300만원 이상 이체시 시행하는 추가인증 방법(누적금액은 변경될수 있습니다.)해외IP로 접속하신 부분이 자동으로 확인되면 ‘해외체류 확인’ 항목이 활성화 되기 때문에 법무부 출입국관리사무소에 출국정보를 확인 받는 부분에 동의하시면 ARS 인증없이 거래가 가능합니다.
※ 해외 소재한 국내기업의 내부 인터넷망을 이용하시는 경우 국내IP로 인식하여 해당 추가 인증기능 활성화가 안되는 경우가 있으니 유의부탁드립니다.
② 해외에서 온라인을 통한 예금해지/대출실행 업무시 추가인증 방법한국시간 기준으로 은행 영업일의 오전9시부터 오후6시 사이에 뱅킹에 접속하시면  해외 현지 연락처를 직접 입력하여 추가인증의 진행이 가능하도록 되어있습니다. 
③ 고객정보 보호 목적으로 인터넷뱅킹상에서 개인정보 변경 등의 일부 중요업무이 경우는 ARS인증만을 시행하도록 하고 있습니다.  왜냐하면, 타인에 의한 정보변경 시도 등을 차단하고자 하는 부분이므로 만약 해외에서 070 등 인터넷전화를 사용하시는 경우 미리 한국에서 정보변경을 하지 못하셨다면 고객센터 82-2-3449-8000 또는 82-2-3708-8000으로 상담사에게 문의하시기 바랍니다. 
④ “불법거래 방지를 위해 이체거래가 정지되었다”라고 뜨는 경우
82-2-3449-8000 또는 82-2-3708-8000으로 연락주셔서 상담직원을 통한 사고등록 해제가 가능합니다. 이체제한 해제는 24시간 가능하며, 본인확인을 위해 몇가지 정보확인을 거치는 점 양해바랍니다.
82-2-3449-8000 번호로 전화주셔서 음성이 나오면 차례대로 6-3-3-0 코드를 따라서  24시간 사고관련 상담직원과 통화가 가능합니다
해외에 계신 고객분들도 뱅킹을 이용하실 수 있도록 편의성 부분도 많이 고려하고 있으나, 최근 해외IP를 통해 전자금융서비스 이용고객분들께 피해를 입히려는 시도가 다수 발생하고 있기 때문에 제한적으로 해외체류 확인 항목을 적용할 수 밖에 없어서 안타깝게 생각합니다. 편리성 못지 않게 고객분들의 소중한 자산을 지키는 것이 중요하다보니 이와 같이 시행하고 있는 점 다시 한번 양해 부탁드립니다.",인터넷뱅킹,신한은행
홈페이지에서 계좌거래내역 조회할 수 있나요?,"홈페이지회원  가입 후 간편조회서비스를 통해 계좌 거래내역 조회 가능합니다.
홈페이지 회원가입 후 [간편계좌관리]에서 이용하실 계좌를 등록하면 계좌 거래내역 조회 가능합니다.
인터넷뱅킹 미가입자도 이용가능합니다.",간편서비스,신한은행
이체한도 증액은 어떻게 하나요?,"영업점 방문하지 않아도 모바일뱅킹 신한 쏠(SOL) 에서 비대면실명 인증후 통합이체한도 증액 가능합니다. 통합이체한도는 이용하시는 보안매체에 따라, 보안등급별 최고 한도내에서 증액가능합니다.
OTP카드 창구 발급 시 5,000원(카드형 10,000원)의 수수료가 부과됩니다. 당행에서만 사용가능한 모바일OTP는 영업점 방문없이 신한 쏠(SOL) 에서 무료로 발급가능합니다. 
※ 모바일OTP를 이용하시는 경우 쏠(SOL)에서 이체한도 증액은 1회 1천만원 이하, 1일 5천만원 이하로 증액 가능합니다. 
※ 만 14세 미만의 경우 법정대리인(부모/친권자/후견인)에 의해 영업점 방문하여 증액 가능하며 1일, 1회 1백만원 이하로 이체한도 제한됩니다. 
통합한도란 인터넷뱅킹/신한 쏠(SOL)/폰뱅킹 등을 사용하는 경우 1일 또는 1회에 이체 가능한 통합 이체한도를 말합니다.
* 인터넷뱅킹/신한 쏠(SOL)/폰뱅킹에서 거래한 이체금액의 합이 통합이체한도의 범위를 초과할 수 없습니다.
기타 궁금하신 내용은 신한은행 고객센터 1599-8000로 문의하여 주시기 바랍니다.",인터넷뱅킹,신한은행
MS 인터넷 익스플로러 환경에서의 피해방지를 위한 안내 해줘.,"마이크로소프트의 인터넷 익스플로러 브라우저에서 신규 취약점이 발견됨에 따라 신한온라인서비스 이용고객의 피해를 예방하기 위해 Windows 자동 업데이트 사용을 권장합니다.
Windows의 자동 업데이트 기능에 대한 설명 및 설정은 Microsoft 고객지원 페이지를 참조하시기 바랍니다.",,신한은행
대출 사칭 문자 받앗어요,최근에 신한은행 사칭 하여 마이너스 통장 발급대상이라는 문자를 보내고 있는거 같습니다. 당행에서는 마이너스 통장 발급 대상 문자를 보내드리지는 않습니다. 대출 가능 여부는 개인 신용정보  조회 동의  후 심사를 통해서만 확인이 가능하기 때문에문자 발송을 하지 않습니다.참고로 고객님 정보가 노출이 되었기 때문에 아래 내용을 참고하여 주시기 바랍니다.         ,,신한은행
인쇄 기능 장애 발생시 확인 방법,기존 설치된 인쇄관련 프로그램이 손상되었거나 정상 구동되지 않아 발생할 수 있습니다. 먼저 설치된 프로그램을 삭제하고 재설치하는 방법 안내드리겠습니다 원활한 진행을 위해서 열려있는 브라우저나 프로그램은 모두 종료 후 진행해 주시기 바랍니다. [삭제방법] 제어판 → 프로그램 추가/제거(또는 프로그램 및 기능) → Printmade3 삭제 [설치방법] 아래 인터넷뱅킹 통합프로그램설치 버튼을 클릭 →  설치화면 하단의 인터넷화면 인쇄 프로그램(Printmade)을 재설치 하시기 바랍니다. ,,신한은행
예약이체를 했는데 이체일에 송금이 안된 경우는?,"모든 예약이체 등록건은 예약이체 지정일 지정된 시간(오전 7시, 오전 9시, 오전 11시, 오후 1시, 오후 3시, 오후 5시, 오후 7시, 오후 9시) 이전에 출금할 계좌에 송금액이 입금이 되어야 이체가 실행될 수 있습니다.
이체가 되지 않았다고 판단되실 경우에는 반드시 먼저 ""예약이체처리결과조회"" 또는 ""계좌 거래내역""을 확인 하시어 이체여부 및 출금여부를 확인하시기 바랍니다. 또한 예약이체 신청시 SMS 결과통보신청을 하셨다면 요청하신 휴대폰번호로 수신된 문자를 확인해주시기 바라며, 정해진 시간에 이체되지 않은 경우 신한은행 고객상담센터 ☎ 1599-8000번으로 문의 주시기 바랍니다.",인터넷뱅킹,신한은행
매월 일정금액을 타은행으로 자동송금 신청시 이체기준 알려줘,"타은행으로 매월 일정금액을 자동송금 신청 하셨을때 당월 또는 익월은 입력하지 말고, 신청등록을 하십시오. 자동이체 등록일을 기준으로 자동 이체일이 등록일보다 빠르면 익월부터 자동으로 이체가 되며, 자동 이체일이 등록일보다 늦으면 당월부터 자동이체가 되기 때문입니다. 예시 자동이체 신청 등록일 15일, 자동 이체일 10일이면 익월 10일부터 이체 자동이체 신청 등록일 15일, 자동 이체일 20일이면 당월 20일부터 이체",,신한은행
이체한도란 무엇인가요?,"이체한도란 인터넷뱅킹, 폰뱅킹, 모바일뱅킹 등을 통하여 이체할 수 있는 거래한도를 말합니다. ① 1일/1회 이체한도 1일 이체한도란 하루에 거래할 수 있는 이체금액의 합을 말하여, 1회 이체한도란 1회에 이체하실 수 있는 금액의 한도를 말합니다. ② 통합이체한도 인터넷뱅킹, 폰뱅킹, 모바일뱅킹 등을 고객님이 사용하시는 경우 고객님이 1일 또는 1회에 이체하실 수 있는 이체한도를 말합니다. 인터넷뱅킹, 폰뱅킹, 모바일뱅킹 등에서 고객님이 거래하신 이체금액의 합이 통합이체한도의 범위를 초과할 수 없습니다. ③ 최고이체한도 금융감독원에서는 개인의 전자금융 시 이용할 수 있는 이체한도의 가이드라인을 정하고 있습니다.(인터넷뱅킹 : 1일 5억원, 1회 1억원 이내)",인터넷뱅킹,신한은행
12개월 장기미이체로 이체서비스가 중지된 경우 어떻게 해제하나요?,"최근 12개월동안 인터넷뱅킹/폰뱅킹/모바일뱅킹에서 이체서비스를 이용하지 않은 경우 고객님의 금융자산 보호를 위하여 이체서비스가 중단됩니다. 다시 이체를 원하시는 경우에는 인터넷뱅킹/폰뱅킹/신한쏠(SOL)에서 이체정지 해제를 하실 수 있습니다.(단, 인터넷뱅킹 출금계좌가 등록되어 있는 경우) [경로] ① 당행 고객정보에 등록되어있는 연락처로 ARS 추가인증 가능한 경우: - 인터넷뱅킹 로그인→ 사용자관리→ 인터넷뱅킹관리→ 장기미사용 정지해제 (또는) - 쏠(SOL) 로그인→ 전체메뉴→ 이체 → 이체관리→ 장기미사용정지 해제 ② ARS 추가인증이 불가한 경우 (해외체류 고객등) : - 인터넷뱅킹에서는 해제 어려우며, 쏠 (SOL)에서 해제 가능합니다. 쏠(SOL)의 경로는 위와 동일하며, 비대면 실명인증후 해제 가능합니다. 비대면실명인증 - 만 14세이상 가능 - 신분증확인 (주민등록증 또는 운전면허증 또는 여권) - 본인확인 (본인명의 계좌인증 또는 영상통화) 진행 기타 궁금하신 내용은 신한은행 고객센터 1599-8000로 문의하여 주시기 바랍니다",인터넷뱅킹,신한은행
인터넷뱅킹 보안프로그램안내해줘,"신한은행에서 고객님의 안전한 금융거래를 위해 제공되는 설치 필수 또는 권장 프로그램은 아래와 같습니다. 통합설치프로그램 : VeraProt 안전한 금융거래를 위해 제공하는 보안 프로그램들에 대해서 쉽고 편리하게 설치할 수 있도록 하는 프로그램입니다. 개인 PC방화벽/백신 보안 : ASTx 악성코드 탐지/차단, 네트워크 차단, 피싱/파밍 방지, 메모리 해킹 방어, 단말정보 수집 등 보안기능을 제공함으로써 인터넷뱅킹 이용시 발생할 수 있는 사용자의 피해를 차단할 수 있는 프로그램입니다. 키보드 보안 : TouchEn-NX Key 사용자가 키보드를 통해서 입력하는 Data를 안전하게 관리하여 기존에 알려져있거나 혹은 알려지지 않은 해킹툴들이 사용자의 키보드 입력정보를 해킹하지 못하도록 방어하는 키보드 보안 서비스입니다. 다운로드받지 않을 경우, 가상키보드가 화면에 표시되며, 설치시 물리적키보드 입력이 가능합니다. 공인인증프로그램 : CrossWebEX 다양한 환경의 PC에 설치되는 사용자모듈과 전자서명 업무 및 제출된 공인인증서의 유효성 검증을 수행하는 프로그램입니다.",,신한은행
"인터넷뱅킹에 로그인한 후 10분이 지나지 않았는데, 다시 로그인하라는 안내는 왜그래?","PC환경에 따라 로그인을 했는데도 계속해서 로그인을 다시 하라는 현상이 발생할 수가 있는데요. 이는 인터넷뱅킹/홈페이지 로그인시 세션정보가 제대로 전달되지 않기 때문에 발생하는 현상입니다. 문제 해결을 위해 다음과 같이 환경설정을 변경하여 주시기를 바랍니다. ① 인터넷 익스플로러 상단메뉴에서 [도구] => [인터넷옵션] => [개인정보탭] 선택 ② 설정값(슬라이드바)을 '낮음'으로 변경. 만약, 슬라이드바가 보이지 않는 경우 '기본값' 버튼을 눌러주시면 슬라이드바가 나타납니다. 혹은 개인적으로 이용하시는 방화벽이나 백신프로그램이 있으면 잠시 실행을 멈추신 후 이용하여 주시기를 부탁드립니다. 보다 상세한 내용은 저희 신한은행 콜센터의 인터넷뱅킹 전문상담원분께 문의주시기를 부탁드립니다.(1577-8000, 코드번호 4-4-1번)",,신한은행
전산통합이후 신계좌번호로 바꿔야만 하나요? 신계좌로 바꾸면 과거 자동이체 건은 어떻게 되나요?,"통합이후 고객수가 크게 늘어 기존 11자리 체계에서 12자리 체계로의 변경이 필요했습니다만, 신계좌로 전환하여도 기존 구계좌번호를 이용하시는데 (기존 자동이체 및 급여입금 등) 전혀 문제가 없슴을 말씀드립니다.",,신한은행
홈페이지 탈회하고 싶습니다. 어떻게 하나요?,"홈페이지 로그인 후 회원탈퇴를 하실 수 있습니다. 홈페이지 상단에 있는 고객센터 > 회원서비스 > 회원탈퇴 메뉴에서 회원탈퇴 진행할 수 있습니다. 혹시, 비밀번호를 분실하셨다면 ID/PW 로그인 화면 하단 비밀번호 재설정 메뉴를 통해서 비밀번호 재설정하고 로그인 후 회원탈퇴 가능합니다. 기타 문의는 신한은행고객센터 (☎ 1599-8000번)으로 문의 바랍니다.",홈페이지,신한은행
홈페이지 회원아이디를 변경하고 싶습니다.,"회원탈퇴를 하시고, 사용하시고 싶은 아이디로 신규 회원가입신청을 하시면 됩니다. 다만, 사용하시고 싶은 아이디가 이미 다른 고객이 사용하고 있는 경우에는 사용하실 수 없습니다. 기타 문의는 콜센터 1599-8000번으로 문의 바랍니다.",홈페이지,신한은행
홈페이지 고객정보를 수정하고 싶습니다.,"홈페이지 회원로그인 후 정보수정을 하실 수 있습니다. 홈페이지 상단에 있는 [고객센터]를 클릭하여, 회원서비스 → 회원정보변경 메뉴에서 회원정보변경을 이용하시기 바랍니다. 인터넷뱅킹의 회원정보는 인터넷뱅킹으로 로그인 하신 후 사용자 관리메뉴를 이용하여 수정하시기 바랍니다. 기타 문의는 콜센터 1599-8000번으로 문의 바랍니다.",홈페이지,신한은행
아이디/비밀번호가 생각나지 않습니다. 어떻게 해야 하나요?,"홈페이지 상단에 있는 [고객센터] > 회원서비스 메뉴에서 아이디 찾기, 비밀번호 재설정하여 이용하시기 바랍니다. 신한은행 개인 인터넷뱅킹(bank.shinhan.com) 접속 후 1. 아이디 찾기 ① 고객센터 > 회원서비스 > 아이디찾기 또는 뱅킹로그인 > 아이디찾기 ② [보기] 클릭 > 약관확인 > 동의함 체크 ③ 성명/생년월일/계좌번호/계좌비밀번호 입력 > 확인 ④ 이용자아이디 확인 완료 2. 비밀번호 재설정 ① 고객센터 > 회원서비스 ② 회원정보변경>비밀번호 찾기(재설정) ③ (개인회원)약관보기 및 동의 ④ 본인확인(이름, 생년월일, 아이디, 계좌번호, 계좌비밀번호 입력) ⑤ 사용할 비밀번호/비밀번호 확인 2회 입력>확인 ※ 영문, 숫자, 특수문자 포함 8-15자리 이내 ⑥ 비밀번호 재설정 완료 진행과정 중 궁금하신 내용은 고객센터(1599-8000)으로 문의 부탁드립니다.",,신한은행
만14세 미만의 고객은 홈페이지 회원가입이 가능하나요?,"만 14세 미만 고객은 회원가입시 '정보통신망 이용촉진 및 정보 등에 관한 법률' 및 '개인정보보호지침'에 따라 법정대리인의 정보활용 동의가 필요합니다. 당행 영업점을 통한 보호자분의 홈페이지 회원 법정대리인 등록이 완료된 고객님에 한하여 회원등록이 가능하므로 홈페이지 회원 법정대리인 등록이 안된 고객님의 보호자분께서는 먼저 가까운 영업점을 방문하여 주시기 바랍니다. [구비서류] - 법정대리인 실명확인증표 - 미성년자 기준으로 발급된 특정 또는 상세 기본증명서 - 미성년자 기준으로 발급된 가족관계증명서 * 은행 방문일로부터 3개월 이내 발급한 서류로 준비해주셔야 하며, 성함과 주민등록번호 13자리가 모두 기재되어 있어야합니다. 기타 문의는 콜센터 1599-8000번으로 문의 바랍니다.",홈페이지,신한은행
홈페이지 회원가입은 어떻게 해야 하나요?,"홈페이지 상단에 있는 [고객센터]를 클릭하여, 회원서비스 → 회원가입메뉴에서 회원가입 메뉴를 이용하시기 바랍니다. 기타 문의는 콜센터 1599-8000번으로 문의 바랍니다.",홈페이지,신한은행
2차 증빙서류는 무엇입니까?,"재직증명서, 의료보험증, 전기,전화,수도,가스 요금 청구서나 영수증 등 본인만이 소지할 수 있는 성격의 자료입니다. 고객님께서 영업점에 제시한 신분증이 마모 등으로 인해 확인이 불확실할 경우 2차 증빙서류를 함께 제시할 것을 요청할 수 있습니다.",인터넷뱅킹,신한은행
온라인 서비스 신청시 구비서류는?,"온라인 서비스 신규는 본인만 가능하고 가입시 필요서류는 다음과 같습니다. 온라인 서비스 신규 시 필요서류 : 본인 신분증. 신분증 : 국가기관 또는 지방자치단체, 교육법에 의한 학교의 장이 발급한 것으로서 성명, 주민등록번호가 기재되어 있고 부착된 사진에 의하여 본인임을 확인할 수 있는 증표 (주민등록증, 운전면허증, 공무증, 여권, 노인복지카드(경로우대증), 장애인복지카드(장애인등록증 포함), 국가 유공자증, 학생증, 외국인등록증, 국내거소신고증 등). 만14세 미만 미성년자. 만 14세 미만 미성년자는 법정대리인에 의한 신청한 가능합니다. 1. 부모가 혼인중인 경우 부 또는 모 신분증, 미성년자 기준으로 발급된 특정기본증명서, 미성년자 기준으로 발급된 상세가족관계증명서. 2. 친권자나 후견인이 지정된 경우 친권자 또는 후견인의 신분증, 미성년자 기준으로 발급된 특정 기본 증명서, 미성년 자녀 기준으로 발급된 일반 가족관계증명서(후견인은 생략). 발급서류는 3개월이내 발급된 원본으로 주민등록번호 13자리가 모두 표기된 서류로 준비부탁드립니다.",인터넷뱅킹,신한은행
회원탈퇴 후 메일이 계속와요.,"인터넷뱅킹가입을 하시면 예금/대출/카드 등 거래에 대한 안내(예:예금만기 등)외에 영업점안내메일 등 몇가지 부가서비스가 기본제공됩니다. 부가서비스는 홈페이지에 로그인하셔서(인터넷뱅킹사용자는 별도 회원가입이 필요없습니다.) 이메일서비스의 수신/거부 등 변경을 하시면 됩니다. 다만, 인터넷뱅킹을 해지하시더라도 예금,카드,대출 등의 거래가 남아있을 수 있기에 메일서비스는 계속 제공됩니다. 따라서 고객님의 경우에는 기존에 제공되는 메일서비스가 계속 남아있어 부가서비스 메일을 받으신 것이며. 정보가 유출되거나 하는 경우는 절대 없으니 안심하시기 바랍니다. 더이상 부가서비스 이메일 수신을 원하지 않는 경우에는 홈페이지의 회원가입을 하신 후 회원서비스의 이메일서비스에 가셔서 변경하시면 됩니다.",,신한은행
pdf 파일을 보려면 어떻게 해야 하나요?,"확장자가 .pdf 인 파일을 열어 보기 위해서는 Acrobat Reader가 있어야 합니다. Acrobat Reader는 인터넷에서 무료로 다운로드 받으실 수 있습니다. 다운로드 받으시려면 아래 주소를 클릭하시기 바랍니다.
http://www.adobe.com/kr/products/acrobat/readstep2.html",인터넷뱅킹,신한은행
이메일주소변경 안내,이메일주소 변경방법은 아래와 같습니다. ① 인터넷뱅킹 로그인 ② 사용자관리 고객정보 고객정보조회/변경메뉴 클릭 ③ 고객님의 다른 정보와 함께 이메일정보 변경 가능,인터넷뱅킹,신한은행
보내신 메일의 이름은 제이름이 아닙니다.라고 나옵니다.,"""신한은행에서 발송하는 메일 중 다른 고객이름으로 발송되는 경우가 가끔씩 발생합니다. ① 이메일계정 제공하는 포탈업체에서 동일한 이메일주소를 타 고객이 사용하시다가 본인이 해지하는 경우 ② 일정기간 이메일이 사용되지 않으면 해당 이메일계정 제공업체에서 임의로 삭제하여 이메일주소를 타인이 사용할 수 있도록 하는 경우 ③ 저희 은행을 이용하시는 고객이 이메일주소를 잘못 등록하시는 경우에 발생합니다. ※ 고객센터(1577-8000)로 전화주시면 해당이메일주소를 등록하신 고객님께 연락하여 향후 재발송되지 않도록 조치하겠습니다.",인터넷뱅킹,신한은행
이메일서비스 신청 및 해지 방법은?,이메일서비스는 인터넷뱅킹의 서비스메뉴 중 뱅킹보안서비스 > 입출내역통지서비스 > 입출내역 E-Mail통지서비스에서 신청 및 해지하실 수 있습니다.,인터넷뱅킹,신한은행
로그인은 어디서 하나요?,"인터넷뱅킹에 로그인하시려면 신한은행 홈페이지에서 개인 → 뱅킹로그인 버튼을 클릭하시면 됩니다. 참고로 인터넷뱅킹에 로그인하시려면 우선 공동인증서 또는 금융인증서를 발급받으셔야 하며, '인증센터'에서 발급받으실 수 있습니다. 기타 궁금하신 내용은 신한은행 고객센터 1599-8000로 문의하여 주시기 바랍니다.",인터넷뱅킹,신한은행
대학 등록금을 인터넷뱅킹으로 납부할 수 있습니까?,"당행과 수납체결이 되어있는 대학교의 등록금은 개인인터넷뱅킹을 통해 납부가 가능합니다. 공과금/법원 기타 대학등록금 납부 메뉴에서 납부가 가능하며, 해당메뉴로 접속후 학교와 학번을 입력후 납부 하시면 됩니다. 해당메뉴로 등록금을 납부할 경우 온라인 이체한도 미포함 거래입니다. 또한 등록금 납부 가상계좌를 알고 계실경우 이체 메뉴를 이용하여 즉시이체하셔도 됩니다. 이럴경우 이체한도에 포함되는 거래입니다. 가상계좌로 이체하시는 경우엔 당행과 수납체결이 되어있지 않더라도 등록금납부는 가능합니다. 당행과 수납체결 여부는 등록금납부 통지서상의 수납은행으로 확인하실 수 있으며, 해당 등록금 납부 메뉴에서 납부하고자하는 학교명이 확인되지 않을경우 당행과 수납체결된 학교는 아닙니다",,신한은행
홈페이지 비밀번호를 5회이상 틀렸습니다. 재설정하려면 어떻게 하죠?,"홈페이지 비밀번호를 5회 오류의 경우 홈페이지 로그인이 불가능하오니 본인인증 절차 후 비밀번호를 새로 등록하시면 이용 가능합니다. 신한은행 홈페이지 접속 후 ① (오른쪽 상단)고객센터 회원서비스 ② 회원정보변경 비밀번호 찾기(재설정) ③ (개인회원)약관보기 및 동의 ④ 본인확인(이름, 생년월일, 아이디, 계좌번호, 계좌비밀번호 입력) ⑤ 사용할 비밀번호/비밀번호 확인 2회 입력확인 ※ 영문, 숫자, 특수문자 포함 8-15자리 이내 ⑥ 비밀번호 재설정 완료 - ID/PW 로그인 화면 하단 비밀번호 재설정 메뉴를 통해서도 진행 가능합니다. 기타 궁금하신 내용은 신한은행 고객센터 1599-8000로 문의하여 주시기 바랍니다.",홈페이지,신한은행
휴대폰통지서비스 신청 방법은?,휴대폰 통지서비스는 본인의 금융거래내역을 거래발생 즉시 등록된 이동통신 단말기로 통지해 주는 서비스입니다. 휴대폰통지서비스 신청방법 ① 개인뱅킹 로그인 ② 뱅킹보안서비스 ③ 입출내역통지서비스 ④ S알리미 서비스와 입출내역 SMS통지서비스 중 선택 휴대폰통지서비스 특징 S알리미 서비스 : 무료서비스 / 스마트폰 앱 다운로드후 사용가능 입출내역 SMS통지서비스 : 유료서비스 / 핸드폰으로 SMS 발송,,신한은행
보안카드 번호 입력은 어떻게 하면 되죠?,씨크리트(보안)카드는 고객님이 은행에서 신한온라인서비스(인터넷뱅킹)에 가입하신 후 받은 카드입니다.  보안카드번호가 필요한 모든 거래에  기타 궁금하신 내용은 신한은행 고객센터 1599-8000로 문의하여 주시기 바랍니다.,인터넷뱅킹,신한은행
즉시/예약 이체 서비스가 안되는 경우 어떻게 해야해?,"이체서비스가 되지 않는 경우 여러가지 사유가 있을수 있으니, 신한은행 고객상담센터 1599-8000번으로 문의 주시면 자세히 상담해드리겠습니다.",인터넷뱅킹,신한은행
신탁적금(당행)으로 이체시 토요일 인터넷뱅시간 제한하는 방법은?,"""우측 상단 QUICK MENU의 이용안내를 참고하시기 바랍니다. ",인증서,신한은행
타행에서 이미 인증서가  발급되었다는데 인증서가 없어요.,공동인증서는 발급기관별 용도별 1개의 인증서만 발급이 가능합니다. 타기관에서 발급받은 인증서가 당행 홈페이지 또는 신한 쏠(SOL)에서 확인되지 않는 경우 아래 내용 체크해 주시기 바랍니다. ① 인증서 정상 저장 여부 확인 ② 인증서의 만료일자(유효기간) 경과여부 확인 ③ 보유하신 인증서의 용도 확인 -은행/신용카드/보험용 또는 전자거래범용 인증서만 사용 가능합니다. ※ 이상이 없으신 경우 정확한 내용 확인을 위해 신한은행 고객상담센터(☎1599-8000)로 전화주시기 바랍니다.,,신한은행
공동인증서 암호가 틀리다고 하는데요?,"인증서 비밀번호는 암호화처리 되어 있어 확인이 불가능합니다. 인증서 비밀번호 오류가 계속 발생된다면 신한 쏠, 개인인터넷뱅킹 인증서 발급/재발급 메뉴에서 재발급을 진행해 주시기 바랍니다.",인증서,신한은행
인터넷뱅킹에서 인증서 암호를 변경하려면 어떻게 해야 하나요?,"공동인증서 암호 변경은 인증서 관리 화면에서 변경가능합니다.

[신한은행 홈페이지]> 인증센터> 공동인증서(구 공인인증서) > 인증서 관리 > (인증서관리창에서)암호변경 할 인증서 선택 > (하단)암호변경버튼 클릭 > 기존암호, 새비밀번호 2회 입력

※ 인증서 암호변경 시 현재 사용중인 암호를 반드시 알고 있어야 변경가능합니다. 만약 사용중인 암호를 분실 하셨을 경우에는 인증서 발급/재발급 화면에서 인증서를 재발급 후 이용해 주시기 바랍니다.",,신한은행
공동인증서 만기 또는 갱신 안내,"신한은행에서 공동인증서를 발급받은 경우 이미 인증서 유효기간이 경과되었다면, 별도의 절차없이 인증센터에서 '인증서 발급/재발급'으로 진행하시면 됩니다. 만약, 유효기간이 한 달 이내로 남았다면 인증센터에서 '인증서 갱신'을 통해 유효기간 갱신 후 이용해 주시기 바랍니다. (재발급을 받으시면 기존 만료일자로 인증서가 재발급됩니다.) 타은행/타기관에서 인증서를 발급받은 경우 인증서를 발급받은 은행 또는 기관에서 재발급을 받으시거나 갱신을 하셔야 합니다. 신한은행 인증센터에서 해당 거래를 실행하실 경우에는 이미 다른 기관에서 인증서를 발급받으셨다는 오류메시지가 나오게 됩니다.",인증서,신한은행
인터넷뱅킹 자동이체해지 방법안내,"인터넷뱅킹에 로그인하신후, 좌측의 메뉴항목에서 이체 > 자동이체 > 자동이체조회 변경/취소 서비스를 통해 해지하실 수 있습니다.",인터넷뱅킹,신한은행
인터넷뱅킹을 통한 이체에 대해 영수증은 없습니다. 라고 나와요.,"영수증이란 돈을 받은 사람이 돈을 준 사람에게 써 주는 증서인데, 송금이체의 경우 은행은 고객의 돈을 받아 고객이 지정하는 계좌로 자금을 보내드리기 때문에 영수증을 발행 할 수 없습니다. 다만, 은행에서 이체송금시 수수료를 수취하기 때문에 수수료에 대해서는 영수증을 발행해 드립니다. (실제로 지점을 방문하셔서 무통장입금으로 이체하실 경우에도 은행에서는 '무통장입금증 타행환입금의뢰확인증'만을 확인서로 제공해드립니다. 이것이 송금금액 전체에 대해 영수증의 의미를 갖는 것은 아니며, 수수료에 대해서만 영수증으로 확인의 의미를 갖습니다) 
특히 인터넷이체의 경우 인터넷상으로 조회되는 입금확인증의 경우 위변조의 가능성이 있기 때문에 거래상대방으로부터 법적 증거력을 얻지 못하고 있는 실정입니다.

따라서 고객님이 인터넷뱅킹에 접속하여 조회하시는 인터넷뱅킹거래명세는 영수증으로는 사용될 수 없으며, 거래의 참고용으로만 사용하실 수 있습니다. (조회순서 : 개인인터넷뱅킹 로그인 → (화면 상단) 이체 → 즉시이체 → 이체결과조회 메뉴에서 상세내역 조회후 출력하실 이체건의 오른쪽에 있는 [인쇄] 버튼 클릭하시면 됩니다. 기타 궁금하신 내용은 신한은행 고객센터 1599-8000로 문의하여 주시기 바랍니다.",,신한은행
인터넷 예적금 해약하려면 어떻게 해야 하나요?,"인터넷에서 신규하셨고, 이후 통장발급을 받지 않으셨다면 인터넷뱅킹(http://bank.shinhan.com)의 금융상품 예금/신탁 해지 메뉴를 통해 해지하실 수 있습니다.",,신한은행
인터넷뱅킹 비밀번호를 잊어버렸습니다.,"인터넷뱅킹 로그인시 사용되는 인증서 암호를 잊어버리셨다면, 영업점 방문없이 인증서 재발급을 통해 인증서 암호를 다시 설정하실수 있습니다. 당행에서 발급한 인증서인 경우 당행 홈페이지에서 재발급하시면 됩니다. 신한은행 홈페이지 인증센터로 접속하시면 금융인증서와 공동인증서구 공인인증서로 메뉴가 분리되어 있으므로 해당 메뉴를 선택해서 접속해 주시면 됩니다. 타기관에서 발급된 인증서인 경우엔 해당기관에서 재발급후, 당행 홈페이지 타기관 공인인증서 등록/해제 메뉴에서 등록 후 이용하시면 됩니다.",인터넷뱅킹,신한은행
타행 이체수수료를 면제받으려면 어떻게해?,"현재 당행에서는 수수료와 관련해서, 신한은행에서 신한은행으로의 송금은 누구나 무료로 이용하실 수 있습니다. 신한은행 우수고객 분들을 대상으로 Tops Club 제도를 운영중에 있으며, Tops Club 고객으로 선정된 고객님께서는 수수료 면제 및 감면 등 다양한 혜택을 드리고 있습니다. 또한 계좌 보유만으로도 별도 우대요건 충족없이 수수료 면제 가능한 쏠편한 입출금통장이 있습니다. 입출금통장을 이미 보유하고 계시다면 기보유중인 상품을 우대통장으로 전환하시거나 쏠편한입출금통장을 추가발급 받는 방법이 있습니다 1. 우대계좌 전환 ①신한 쏠(SOL) 로그인 → 오른쪽 위 전체메뉴(≡) → 조회/관리 → 계좌관리 → 입출금 → 우대계좌 전환 ②인터넷뱅킹 로그인 → 금융상품 → 예금/신탁 → 입출금계좌전환 ③고객센터 상담사 통해서 전환도 가능합니다. 2. 신한 쏠을 통해서 쏠편한입출금통장 신규 가입하는 방법도 있습니다. 구체적인 내용은 예금주 본인께서 신한은행 고객센터 1577-8000으로 연락주시면 자세한 상담이 가능합니다.",인터넷뱅킹,신한은행
타행에서 인증서를 발급받고 신한은행에 등록하는 방법 알려줘.,"신한은행 인터넷뱅킹에 가입이 되어 있다면, 타행에서 발급받은 인증서를 신한은행에 등록하여 이용이 가능합니다. 홈페이지나 신한 쏠(SOL)의 인증센터에서 진행 가능합니다.",인증서,신한은행
인터넷뱅킹의 출금계좌 추가 삭제 방법 알려줘.,"인터넷뱅킹, 신한쏠(SOL)에서 출금계좌의 추가/삭제가 가능합니다. 단, 인터넷뱅킹 신청시 또는 그 이후에 영업점에서 ""출금계좌 인터넷추가등록 동의"" 를 하신 경우에는 인터넷뱅킹, 신한 쏠 에서 추가등록이 가능하며 동의하지 않은 경우엔 신한 쏠 에서 비대면으로 신분증 확인후 출금계좌 추가등록이 가능합니다. (출금계좌 삭제는 동의여부와 관계없이 모두 가능함)
[경로]
- 인터넷뱅킹 로그인→ 사용자관리→ 계좌관리→ 출금계좌관리
- 신한 쏠(SOL) 로그인→전체메뉴→이체→이체관리→출금계좌관리
기타 궁금하신 내용은 신한은행 고객센터 1599-8000로 문의하여 주시기 바랍니다.",인터넷뱅킹,신한은행
인터넷뱅킹 해지 방법 알려주세요,[경로] - 인터넷뱅킹 로그인 → 사용자관리 → 인터넷뱅킹관리 → 인터넷뱅킹해지 ☞ 신한은행에서 발급한 인증서 폐기여부 선택가능합니다. ☞ 쏠(모바일뱅킹) 도 사용할수 없음 - 신한 쏠(SOL) 로그인 → 전체메뉴 → 설정/인증 → 서비스 해지 ☞ 쏠(SOL)만 해지 또는 인터넷뱅킹&쏠(SOL) 모두 해지 중 선택하여 해지가능합니다. 기타 궁금하신 내용은 신한은행 고객센터 1599-8000로 문의하여 주시기 바랍니다.,인터넷뱅킹,신한은행
수표번호를 조회하고자 합니다.,"수표조회는 신한은행 홈페이지 초화면의 간편서비스 또는 인터넷뱅킹의 조회서비스를 통해 조회하실 수 있습니다. ※ 참고 : 타행 수표의 자금화 타행 수표의 자금화(현금화) 일자는 수표 입금 후 익영업일 오후 12시 20분입니다. 즉 오늘 수표를 통장에 입금하시면 내일(익영업일) 오후 12시 20분 이후에 현금으로 찾으실 수 있습니다. ※ 단, 영업일 기준이므로 휴일(토/일요일, 공휴일) 전날에 입금하시면 휴일 다음날 오후 12시 20분 이후에 현금으로 찾으실 수 있습니다.",인터넷뱅킹,신한은행
인터넷뱅킹 자동이체 신청 및 해지 방법을 알려주세요,"자동이체(기일이체)는 일정기간동안 주기적(매월,3개월,6개월)으로 지정하신 계좌로 이체하실때 편리한 서비스입니다. 당행간 자동이체는 이체 지정일 1영업일 전까지 등록하여야 하며, 타행간 자동이체는 이체 처리일 2영업일 전까지 등록하여야 합니다.자동이체 작업은 은행 영업시간 끝난 후 이루어지며, 당행의 일정에 따라 정확한 시간이 결정됩니다. 그러므로 영업시간 중에 지급계좌에 잔액이 있어야 합니다. 자동이체 신청 및 변경/해지는 당행 인터넷뱅킹을 통해 가능하며, 인터넷뱅킹에 로그인하신 후 ""이체 > 자동이체"" 서비스를 선택하시면 됩니다. ※ 주의 : 타행으로 자동이체는 '이체일 전일'에 자금을 미리 인출하므로 예금잔액이 없으면 이체처리가 안되며, 이후잔액이 채워져도 재처리를 하지 않습니다.",인터넷뱅킹,신한은행
인증서 암호를 분실했거나 변경하고 싶은 경우에는 어떻게 하나요?,"[인증서암호를 분실했을 경우]
인증센터에서 인증서를 재발급 받으시면서 암호 재설정 가능합니다. 재발급은 신규발급절차와 동일하게 진행됩니다.
[인증서암호를 변경하고 싶은 경우]
현재 사용중인 암호를 알고 있는 경우 인증센터의 '인증서 관리' 화면에서 인증서암호를 변경하실 수 있습니다. (단, 현재 이용 중인 인증서 암호를 모르실 경우 인증서 재발급 후 이용해 주시기 바랍니다. )",인증서,신한은행
공동인증서암호는 대소문자를 구분하나요?,"인증서암호는 영문 대소문자를 구분합니다. [공동인증서 암호 설정 시 유의사항] - 숫자, 영문, 특수문자 포함해서 10자리이상 30자리 이하로 설정 가능 - 영문 대/소문자를 구분함 - 연속 또는 반복된 3자리 문자, 숫자 사용불가합니다.",인증서,신한은행
"PC포맷, 인증서 삭제 등으로 인증서를 분실하였을 때는?","기존에 사용하시던 공동인증서를 폐기하지 않은 채, 컴퓨터를 포맷하거나 인증서를 삭제하시는 경우의 대처방안입니다. 1.신한은행에서 인증서를 발급받으신 경우① 인터넷뱅킹 : 신한은행 홈페이지 공동인증서(구 공인인증서) 인증서 발급/재발급 메뉴에서 재발급 받으시면 됩니다.② 신한 쏠(SOL) : 신한 쏠(SOL) 메뉴 설정/인증 공동인증서 인증서 발급/재발급 메뉴에서 재발급 가능합니다.※ 신한 쏠(SOL)에서는 은행/신용카드/보험용 인증서만 발급/재발급이 가능합니다.2.타행에서 인증서를 발급받으신 경우 타행에서 인증서를 발급받으신 경우, 발급받으신 은행에서 인증서를 재발급 받으시고 신한은행에 타기관인증서 등록 후 이용부탁드립니다.",인증서,신한은행
인터넷뱅킹을 이용하려면 어떤 PC환경을 갖춰야 합니까?,"인터넷뱅킹(bank.shinhan.com)
운영체제
윈도우 : Window7 이상
맥킨토시 : OSX10.7 이상
리눅스 : ubuntu, fedora
브라우저
윈도우 : IE10이상, 크롬, 파이어폭스, 오페라, Edge
맥킨토시 : 사파리, 크롬, 파이어폭스
리눅스 : 크롬, 파이어폭스
권장해상도 : 1280 X 1024",인터넷뱅킹,신한은행
인터넷뱅킹을 하고자 하는데 인증서는 어디서 발급 하나요?,"인증서는 신한은행에 인터넷뱅킹서비스가 가입되어 있으시면 신한은행 홈페이지 또는 신한 쏠(SOL)의 인증센터에서 발급 가능합니다. ※ 개인은 주민번호로 금융기관 통합하여 발급기관별, 용도별로 한 개의 인증서만 발급이 가능합니다. 예) 타은행에서 은행/신용카드/보험용(결제원) 인증서를 발급받은 경우 → 당행 은행/신용카드/보험용(결제원) 인증서 발급 불가",인터넷뱅킹,신한은행
개인정보 변경은 어디서 해야 하나요?,"인터넷뱅킹에 로그인 하신 후 ""사용자관리""를 클릭하신 후 ""고객정보"" > ""고객정보조회/변경"" 에서 개인정보를 변경하실 수 있습니다.",인터넷뱅킹,신한은행
보안메일서비스 안내해줘,신한은행은 이메일서비스를 통해 고객님의 거래정보와 금융정보를 메일로 알려드리는데 고객님께 발송되는 이메일 중 개인정보보호가 필요한 메일(거래정보 등)은 암호화 처리되어 보안메일로 발송되어 일반메일 (홍보 및 안내메일) 과 구별됩니다. ※ 입출내역 통지서비스는 개인뱅킹 > 뱅킹보안서비스 > 통지서비스 > 입출내역 Email통지서비스 메뉴에서 서비스 신청 및 변경이 가능합니다.,인터넷뱅킹,신한은행
인터넷으로 신규 예/적금 신청하는 방법을 알려주세요,인터넷상으로 예금/신탁을 신규가입하시려면 우선 고객님께서는인터넷뱅킹에 가입하셔야 하며 신규방법은 두 가지가 있습니다.1. 인터넷뱅킹에서 가입인터넷뱅킹 로그인을 하신 후 예금/신탁 > 신규 메뉴에서 예금 및 신탁 상품을 신규하실 수 있습니다.2. 신한S뱅크에서 가입신한S뱅크 상품센터 > 예금센터 메뉴에서 예금상품을 신규하실 수 있습니다.,인터넷뱅킹,신한은행
인터넷뱅킹 송금 수수료는 얼마죠?,인터넷뱅킹(bank.shinhan.com) 송금 수수료는 우측 퀵메뉴 이용안내 수수료/이용시간안내 인터넷뱅킹 이용수수료 메뉴에서 확인 가능합니다.,인터넷뱅킹,신한은행
인터넷에서 이체한 거래의 상세내역 및 영수증을 인쇄하고 싶어요,"인터넷상에서 이체한 거래의 경우 인터넷상에서 제공하는 영수증은 없으며, 거래의 참고용으로 단지 조회일자 및 출금 계좌번호 등으로 상세내역(이체 확인증 목록)을 조회하거나 그 내역을 인쇄만 가능합니다. 인터넷뱅킹 거래 상세내역(이체확인증 목록)및 입금증(이체확인증) 인쇄 방법은 다음과 같습니다. ① 인터넷뱅킹에 접속하여 로그인 ② 이체 → 즉시이체 → 이체결과조회 ③ 조회구분, 출금계좌번호, 조회일자등 상세내역을 조회 ④ 입금확인증목록을 인쇄하시려면 조회된 내역 왼쪽 상단에 보이는 [이체목록인쇄] 버튼을 클릭하면 해당 거래내역을 출력할 수 있으며, 입금확인증을 인쇄하시려면 해당 이체건의 오른쪽에 있는 [인쇄] 버튼을 클릭하시면 됩니다. ※ 참고 : 즉시이체 후에도 이체확인증 목록 및 이체확인증을 출력하실 수 있습니다.",인터넷뱅킹,신한은행
타행으로 자동이체를 신청하고 싶은데요,"인터넷뱅킹을 통한 타은행 계좌로의 자동이체(납부자 자동이체)신청이 가능하며 수수료는 건당 300원 입니다. 자동이체를 신청하시려면 인터넷뱅킹에 로그인 하신후 [이체] > [자동이체] > [자동이체 등록] 메뉴를 선택하시면 타행으로의 자동이체 등록을 하실 수 있습니다. ※ 주의: 타은행 자동이체는 이체 지정일 전영업일에 고객님의 계좌에서 인출하여 이체지정일자(지정일이 휴일인 경우에는 익영업일)에 타은행 계좌로 입금됩니다. 그러므로 예금잔액이 없으면 이체처리가 안되며, 이후잔액이 채워져도 재처리를 하지 않습니다. 따라서 고객님께서 자동이체를 신청하실 때에는 충분한 잔액이 있는지 확인하시기 바랍니다.",인터넷뱅킹,신한은행
공과금 자동이체 신청이 가능한가요?,"인터넷뱅킹에 로그인하신 후 ""공과금/법원 > 공과금센터"" 페이지에 가시면 ""지로자동이체 등록"" 메뉴가 있습니다. 해당 메뉴를 통하여 ""전기요금, 전화요금, 국민연금, 국민건강보험료 등을 포함하여 각종 지로요금""을 모두 자동이체 등록하실 수 있습니다.",인터넷뱅킹,신한은행
인터넷뱅킹 거래에 대한 책임 범위를 알고싶습니다.,"기본적으로 은행이 인터넷뱅킹 사고에 대한 책임을 집니다. 해커의 침입에 의해 자금이 불법적으로 유출되었다고 하더라도 이에 대한 책임은 은행에 있습니다. 그러나 다음의 경우는 고객께서 책임을 지게 됩니다. 계좌번호를 잘못 입력하여 입금함으로써 자금이 의도하지 않은 계좌로 유출된 경우, 인증서암호, 이체비밀번호, 씨크리트카드 등의 관리를 소홀히 하여 타인의 도용에 의해 자금이 불법으로 유출된 경우, 거래도중 자리를 떠나서 타인이 불법으로 자금을 타계좌로 유출한 경우 (Log on 상태에서 자리를 떠나는 것은 대단히 위험하므로 반드시 거래 종료 후 자리를 떠나시기 바랍니다), 사고를 인지하였음에도 사고신고를 하지 않아 신속한 대처를 하지 못하게 방치한 경우",인터넷뱅킹,신한은행
인터넷뱅킹을 이용하려면 어떻게 해야 합니까?,"영업점에 방문하지 않아도, 모바일에서 신한 쏠 (SOL) 어플 다운로드후 회원가입하시면 인터넷뱅킹/모바일뱅킹 가입이 가능합니다. ※ 만 14세 미만의 경우 법정대리인(부모/친권자/후견인)에 의해 영업점 방문하여 가입가능함 기타 궁금하신 내용은 신한은행 고객센터 1599-8000로 문의하여 주시기 바랍니다.",인터넷뱅킹,신한은행
