product,input,intent
크리스마스 리스,연말연시 머스트해브 아이템,계절|크리스마스
블랙 힐,여성용 블랙 포멀 힐 한 켤레,신발|정장
칵테일 글라스,주방에 꼭 필요한 아이템,가정용품|주방
멋진 세라믹 볼,어떤 상황에도 잘 어울리는 멋진 세라믹 그릇,가정용품|그릇
힙 샌들,이 남성용 힙한 샌들은 여름에 딱 맞습니다.,신발|샌들
접이식 가죽 케이스가 달린 15 피스 메이크업 브러쉬 세트,메이크업 브러쉬의 훌륭한 셀렉션. 들고 다니는 것만으로도 멋집니다!,뷰티|그루밍
발렌타인 데코레이션,특별한 날을 위한 머스트해브 아이템,계절별|발렌타인
금속 바구니,이 금속 바구니는 모두를 기쁘게 할 것입니다.,가정 장식 | 장식
뛰어난 낚시 릴,모든 낚싯대를 위한 뛰어난 낚시 릴,야외|낚시
브라운 가죽 신발,남성용 갈색 가죽 정장 신발 한 켤레,신발|정장
골든로드 암체어,모든 방에 어울리는 모디쉬 골든로드 암체어,가구|의자
클래식 세라믹 볼,이 클래식한 세라믹 그릇은 필수품입니다,가정용품|그릇
정교한 알루미늄 보울,모든 상황에 적합한 정교한 알루미늄 보울,가정용품|그릇
세라믹 꽃병,이 세라믹 꽃병은 홈 데코를 위한 머스트해브 아이템입니다.,가정 장식 | 장식
포켓 파우더 케이스,"이동 중에도 손질하세요!언제, 어디서든!",뷰티|그루밍
패셔너블 안경,여성용 세련된 안경,액세서리|안경
그레이 플레이트,모든 주방에서 타의 추종을 불허합니다,가정용품|주방
화이트 탑,여성용 스피피 화이트 탑,의류|셔츠
다크 그레이 소파,이 고급스러운 짙은 회색 소파는 모든 객실의 하이라이트가 될 것입니다.,가구|소파
페루-오렌지 핸드백,이 페루 오렌지색의 멋진 핸드백은 흠 잡을 데가 없습니다,액세서리|핸드백
라이트 그레이 세트 쿠션,이 라이트 그레이 세트 쿠션은 매우 편안합니다,홈 데코 | 쿠션
발렌타인 캔디,특별한 날을 위한 머스트해브 아이템,계절별|발렌타인
호화로운 도자기 그릇,어떤 상황에도 어울리는 호화로운 세라믹 그릇,가정용품|그릇
미드나잇 블루 재킷,여성용 따뜻한 캐주얼 재킷,의류|재킷
행잉 램프,이 벽걸이 램프는 집 조명에 꼭 필요한 제품입니다.,홈 데코 | 조명
게인즈버러 액센트 테이블,방을 돋보이게 해줄 패셔너블한 게인즈버러 액센트 테이블,가구|테이블
폭시 브레이슬릿,어떤 손목에도 잘 어울리는 여성용 폭시 브레이슬릿,보석|팔찌
쿨 벨트,모든 상황에 어울리는 멋진 벨트,액세서리|벨트
시에나 셔츠,시에나 남성 캐주얼 셔츠,의류|셔츠
다크 슬레이트 그레이 드레서,세 개의 서랍이 있는 확실한 다크 슬레이트 그레이 드레서는 필수품입니다.,가구|옷장
크리스마스 오너먼트,휴일에 가장 좋아하는 것,계절|크리스마스
카메라,아마추어 및 전문가용 카메라,전자제품|카메라
트렌디 면도기,모든 욕실의 필수품,뷰티|그루밍
흰색 안락 의자,이 편안한 흰색 안락 의자에서 휴식을 취하십시오,가구|의자
실내 식물,유기농 농장에서 지속 가능한 방식으로 재배한 실내 식물,꽃|식물
가뭄에 강한 실내 식물,유기농 농장에서 지속 가능한 방식으로 재배되는 가뭄에 강한 실내 식물,꽃|식물
유리 꽃병,이 유리 꽃병은 홈 데코를 위한 머스트해브 아이템입니다.,가정 장식 | 장식
귀여운 드레스,여성 캐주얼 의상,의류|셔츠
그린 스니커즈,도시에서 탐험할 수 있는 댄디한 그린 스니커즈,신발|스니커즈
블랙 백팩,이 남성용 블랙 백팩은 어디든 탐험하기에 타의 추종을 불허합니다.,액세서리|배낭
부활절 플라스틱 달걀,4월 초순에 가장 인기 있는 메뉴,계절|부활절
어쿠스틱 드럼,이 어쿠스틱 드럼은 아마추어 및 전문 뮤지션에게 적합합니다.,악기|타악기
카메라,아마추어 및 전문가용 카메라,전자제품|카메라
심벌,이 심벌즈는 가장 까다로운 뮤지션을 기쁘게 할 것입니다.,악기|타악기
필라 캔들,이 필라 캔들은 집을 더욱 돋보이게 할 것입니다.,홈 데코 | 조명
화이트 힐,여성용 화이트 포멀 힐 한 켤레,신발|정장
완두콩,이 맛있는 채소는 모든 식료품 저장실에 꼭 있어야 합니다.,식료품|야채
슬레이트 그레이 소파,어떤 방에도 잘 어울리는 완벽한 슬레이트 그레이 소파,가구|소파
그레이 핸드백,이 그레이 드레시 핸드백은 훌륭합니다,액세서리|핸드백
라이트 그레이 작업대,사무실을 위한 완벽한 밝은 회색 작업대,가구|테이블
콜리플라워,이 풍미가 풍부하고 다양한 채소를 식료품 저장실에 잘 보관하십시오.,식료품|야채
울트라시크 벨트,여성용 울트라 시크 벨트,액세서리|벨트
게인즈버러 백팩,이 여성용 게인즈버러 백팩은 이번 시즌 최고급입니다.,액세서리|배낭
목재 작업대,비교할 수 없는 이 목재 작업대로 생산성을 높이세요.,가구|테이블
브레드,주방에서 매일 신선하게 만드는 빵,식료품|베이커리
블랙 슈즈,남성용 블랙 포멀 슈즈 한 켤레,신발|정장
새들 브라운 슈즈,남성용 새들 브라운 포멀 슈즈 한 켤레,신발|정장
부활절 장식용 달걀,4월 초순에 가장 인기 있는 메뉴,계절|부활절
시나몬 롤,주방에서 매일 신선하게 만드는 시나몬 롤,식료품|베이커리
게인즈버러 커피 테이블,이 멋진 게인즈버러 테이블에서 커피를 마시며 휴식을 취하세요,가구|테이블
어쿠스틱 기타,이 어쿠스틱 기타는 아마추어 및 전문 뮤지션에게 적합합니다.,악기 | 현악기
화이트 슈즈,여성용 흰색 정장 신발 한 켤레,신발|정장
그레이 스니커즈,올 어라운드 트렌디한 그레이 스니커즈,신발|스니커즈
테이블 램프,이 테이블 램프는 집을 더욱 돋보이게 할 것입니다.,홈 데코 | 조명
댄디시 안경,남성용 댄디쉬 안경,액세서리|안경
크림슨 오피스 체어,이 멋진 진홍색 사무용 의자로 생산성을 높이세요,가구|의자
등나무 바구니,이 라탄 바구니는 홈 데코를 위한 머스트해브 아이템입니다.,가정 장식 | 장식
다크 그레이 작업대,타의 추종을 불허하는 다크 그레이 작업대로 생산성을 높이십시오.,가구|테이블
새들 브라운 슈즈,여성용 새들 브라운 포멀 슈즈 한 켤레,신발|정장
벽 램프,이 벽 램프는 집을 더욱 돋보이게 할 것입니다.,홈 데코 | 조명
옐로우 소파,이 풍부한 노란색 소파는 모든 객실의 하이라이트가 될 것입니다,가구|소파
화이트 플레이트,주방에 꼭 필요한 아이템,가정용품|주방
나무 접시,모든 주방에 꼭 맞는 제품,가정용품|주방
펑키 스카프,모든 상황에 어울리는 여성용 펑키한 스카프,의류|스카프
미드나잇 블루 데님,가을용 여성용 쿨 캐주얼 데님,의류|재킷
스트로베리 케이크,이 풍미 가득한 딸기 케이크는 모두를 기쁘게 할 것입니다.,식료품|베이커리
프리스틴 블루 데님 재킷,사계절 입을 수 있는 멋진 여성용 캐주얼 재킷,의류|재킷
그레이 드레스,여성용 힙 그레이 드레스,의류|셔츠
블루 스니커즈,다재다능한 모험을 선사하는 블루 스니커즈,신발|스니커즈
그레이 플레이트,모든 주방에 잘 어울립니다.,가정용품|주방
린넨 색조 작업대,타의 추종을 불허하는 린넨 색조 작업대로 생산성을 높이세요,가구|테이블
부활절 캔디,4월의 머스트해브 아이템,계절|부활절
탠 핸드백,이 황갈색 핸드백은 근사하고 멋진 동반자입니다.,액세서리|핸드백
크리스마스 피규어,연말연시 머스트해브 아이템,계절|크리스마스
부활절 장식,4월 초순에 가장 인기 있는 메뉴,계절|부활절
울트라쿨 샌들,이 남성용 울트라 쿨 샌들은 여름에 딱 맞습니다.,신발|샌들
로즈 핑크 블러쉬 브러쉬,블러셔 브러쉬와 로즈 핑크 브러시를 찾는 분들을 위해.,뷰티|그루밍
블랙 웨지,여성용 블랙 웨지 한 쌍,신발|정장
일렉트릭 기타,이 일렉트릭 기타는 아마추어 및 전문 뮤지션에게 적합합니다.,악기 | 현악기
베이글,주방에서 매일 신선하게 만드는 베이글,식료품|베이커리
새들 브라운 슈즈,남성용 새들 브라운 포멀 슈즈 한 켤레,신발|정장
부활절 초콜릿 에그,4월 초순에 가장 인기 있는 메뉴,계절|부활절
크롭 탑,여성용 슈퍼쿨 크롭 탑,의류|셔츠
패셔너블 벨트,여성용 세련된 벨트,액세서리|벨트
그루비 안경,여성용 그루비 안경,액세서리|안경
7-in-1 데일리 웨어 팔레트 에센셜,많은 것을 얻을 수 있고 품질도 매우 좋습니다.,뷰티|그루밍
블랙 오피스 체어,이 부드러운 검정색 사무용 의자로 생산성을 높이십시오,가구|의자
세라믹 꽃병,이 세라믹 꽃병은 모두를 기쁘게 할 것입니다.,가정 장식 | 장식
화이트 플레이트,주방에 꼭 필요한 아이템,가정용품|주방
새들 브라운 소파,이 편안한 새들 브라운 소파를 즐기세요,가구|소파
모디쉬 벨트,여성용 모디쉬 벨트,액세서리|벨트
할로윈 머그,모두에게 사랑받는 기발한 날을 위한 머스트 해브 아이템,계절별|할로윈
블랙 코트,산악용 남성용 단열 캐주얼 코트,의류|재킷
슈퍼쿨 벨트,여성용 슈퍼쿨 벨트,액세서리|벨트
부활절 플라스틱 달걀,4월의 머스트해브 아이템,계절|부활절
크리스마스 오너먼트,연말연시 머스트해브 아이템,계절|크리스마스
백합 어레인지먼트,우리 재배자들이 신선하고 활기차게 배달한 백합 어레인지먼트,플로럴|어레인지먼트
블랙 작업대,사무실을 위한 뛰어난 검은색 작업대,가구|테이블
라이트 스틸 블루 스니커즈,도시를 탐험할 수 있는 멋진 라이트 스틸 블루 스니커즈,신발|스니커즈
크리스마스 오너먼트,연말연시 머스트해브 아이템,계절|크리스마스
어쿠스틱 드럼,이 어쿠스틱 드럼은 가장 까다로운 뮤지션을 기쁘게 할 것입니다.,악기|타악기
크리스마스 리스,연말연시 머스트해브 아이템,계절|크리스마스
등나무 바구니,이 라탄 바구니는 홈 데코를 위한 머스트해브 아이템입니다.,가정 장식 | 장식
크리스마스 리스,연말연시 머스트해브 아이템,계절|크리스마스
블랙 오피스 체어,사무실에 딱 맞는 검은색 의자,가구|의자
어쿠스틱 기타,이 어쿠스틱 기타는 가장 까다로운 뮤지션을 기쁘게 할 것입니다.,악기 | 현악기
심플 화이트 티,남성용 화이트 캐주얼 티,의류|셔츠
포레스트 그린 소파,이 호화로운 포레스트 그린 소파는 모든 객실의 하이라이트가 될 것입니다,가구|소파
최고급 팔찌,어떤 상황에도 잘 어울리는 최고급 여성용 팔찌,보석|팔찌
업라이트 피아노,이 업라이트 피아노는 가장 까다로운 음악가도 만족시킬 것입니다.,악기|키
그루비 벨트,이 여성용 그루비 벨트는 어떤 상황에도 잘 어울립니다.,액세서리|벨트
황갈색 작업대,이 뛰어난 황갈색 작업대로 생산성을 높이십시오.,가구|테이블
칵테일 글라스,주방에 꼭 필요한 아이템,가정용품|주방
브레드,주방에서 매일 신선하게 만드는 빵,식료품|베이커리
깔끔한 세라믹 볼,이 깔끔한 세라믹 그릇은 필수품입니다,가정용품|그릇
다크 그레이 작업대,이 뛰어난 다크 그레이 작업대로 생산성을 높이세요,가구|테이블
화이트 액센트 테이블,방을 돋보이게 하는 세련된 흰색 액센트 테이블,가구|테이블
가뭄에 강한 실내 식물,유기농 농장에서 지속 가능한 방식으로 재배되는 가뭄에 강한 실내 식물,꽃|식물
화이트 플레이트,주방에 꼭 필요한 아이템,가정용품|주방
일렉트릭 베이스,이 일렉트릭 베이스는 가장 까다로운 뮤지션을 기쁘게 할 것입니다.,악기 | 현악기
벌리우드 백팩,벌리우드 백팩은 여행에 실용적입니다,액세서리|배낭
주전자,모든 주방에서 타의 추종을 불허합니다,가정용품|주방
깔끔한 메탈 보울,모든 상황에 어울리는 깔끔한 금속 그릇,가정용품|그릇
블랙 다이닝 체어,어떤 식당에도 어울리는 비교할 수 없는 블랙 체어,가구|의자
스쿼시,이 맛있고 다양한 채소를 식료품 저장실에 잘 보관하십시오.,식료품|야채
펑키 스카프,남성용 펑키 스카프,의류|스카프
장미 어레인지먼트,유기농 농장에서 지속 가능한 방식으로 재배한 장미,플로럴|어레인지먼트
어니언,이 맛있는 채소는 모든 식료품 저장실에 꼭 있어야 할 필수품입니다.,식료품|야채
할로윈 스켈레톤,10월 초에 꼭 주문하세요,계절별|할로윈
팬시 세라믹 볼,모든 상황에 어울리는 멋진 세라믹 그릇,가정용품|그릇
실내 식물,유기농 농장에서 지속 가능한 방식으로 재배한 실내 식물,꽃|식물
화이트 스니커즈,이 흰색 운동화는 동네에서 탐험하기에 아주 좋습니다.,신발|스니커즈
스완키 수트,도시에 사는 남성에게 적합합니다.,의류|재킷
엣지 샌들,이 세련된 여성용 샌들은 여름에 안성맞춤입니다.,신발|샌들
다크 그레이 소파,어떤 방에도 어울리는 타의 추종을 불허하는 다크 그레이 소파,가구|소파
돼지고기,우리 돼지고기는 유기농이며 지속 가능한 방식으로 사육됩니다.,식료품|고기
가죽 소파,이 고급 가죽 소파는 모든 방의 하이라이트가 될 것입니다,가구|소파
블랙 윈터 재킷,보온성이 뛰어난 남성용 등산용 겨울 재킷,의류|재킷
로지 브라운 드레서,세 개의 서랍이 있는 뛰어난 장미빛 갈색 옷장은 필수품입니다.,가구|옷장
프린트 탑,보귀시 프린트 여성용 캐주얼 셔츠,의류|셔츠
옅은 회색 작업대,타의 추종을 불허하는 페일 그레이 작업대로 생산성을 높이십시오.,가구|테이블
파우더 블루 직사각형 쿠션,이 파우더 블루 직사각형 쿠션은 집에 꼭 있어야 할 필수품입니다.,홈 데코 | 쿠션
부활절 장식용 달걀,4월의 머스트해브 아이템,계절|부활절
칵테일 글라스,모든 주방에 잘 어울립니다.,가정용품|주방
디피니티브 피싱 릴,모든 낚싯대를 위한 최고의 낚시 릴,야외|낚시
일렉트릭 기타,이 일렉트릭 기타는 아마추어 및 전문 뮤지션에게 적합합니다.,악기 | 현악기
키보드,이 키보드는 아마추어 및 전문 음악가에게 적합합니다.,악기|키
딥 블루 셔츠,여성용 딥 블루 드레시 셔츠,의류|셔츠
화이트 힐,여성용 화이트 힐 한 켤레,신발|정장
칵테일 글라스,모든 주방에서 타의 추종을 불허합니다,가정용품|주방
칵테일 글라스,주방에 꼭 필요한 아이템,가정용품|주방
블루 플레이트,모든 주방에 잘 어울립니다.,가정용품|주방
은은하고 산뜻한: 15가지 컨실러 팔레트,이러한 색상을 사용하면 내면을 비출 수 있지만 더 밝아집니다.,뷰티|그루밍
페일 그레이 셔츠,페일 그레이 남성 캐주얼 셔츠,의류|셔츠
키보드,이 키보드는 가장 까다로운 음악가를 기쁘게 할 것입니다,악기|키
칵테일 글라스,모든 주방에 잘 어울립니다.,가정용품|주방
소고기,우리의 쇠고기는 농부들에 의해 지속 가능한 방식으로 사육됩니다.,식료품|고기
카데트 블루 재킷,남성용 멋진 올 시즌 캐주얼 재킷,의류|재킷
낚시 갈고리,다양한 낚시 갈고리,야외|낚시
크리스마스 조명,연말연시 머스트해브 아이템,계절|크리스마스
블루 스니커즈,이 멋진 파란색 스니커즈는 새로운 도시를 탐험하기에 안성맞춤입니다.,신발|스니커즈
멋진 안경,여성용 멋진 안경,액세서리|안경
피싱 릴,이 낚시 릴은 확실히 성공을 가져올 것입니다,야외|낚시
브라운 윈터 재킷,단열이 잘 되는 남성용 겨울 재킷,의류|재킷
소고기,우리의 쇠고기는 유기농이며 지속 가능한 방식으로 사육됩니다.,식료품|고기
페일 그레이 소파,어떤 방에도 어울리는 타의 추종을 불허하는 옅은 회색 소파,가구|소파
그루비 벨트,여성용 그루비 벨트,액세서리|벨트
조리기구,주방에 꼭 필요한 아이템,가정용품|주방
시에나 드레서,서랍이 많은 타의 추종을 불허하는 시에나 드레서는 필수품입니다,가구|옷장
로지 브라운 커피 테이블,하루를 활기차게 만들어 줄 매우 멋진 장미빛 갈색 커피 테이블,가구|테이블
골든 액센트 테이블,스웰 골든 액센트 테이블로 방을 멋지게 꾸며보세요,가구|테이블
다크 그레이 소파,이 편안한 다크 그레이 소파를 즐기세요,가구|소파
탄 다이닝 테이블,이 완벽한 황갈색 식탁은 모두를 기쁘게 할 것입니다.,가구|테이블
비디오 카메라,이 비디오 카메라는 특별한 순간을 포착하는 데 적합합니다.,전자제품|카메라
부활절 장식,4월 초순에 가장 인기 있는 메뉴,계절|부활절
찻주전자,모든 주방에서 타의 추종을 불허합니다,가정용품|주방
항아리 캔들,이 병 캔들은 집 조명에 꼭 필요한 아이템입니다.,홈 데코 | 조명
크림 케이크,이 맛있는 크림 케이크는 모두를 기쁘게 할 것입니다,식료품|베이커리
비디오 카메라,아마추어 및 전문가용 비디오 카메라,전자제품|카메라
플로어 램프,이 플로어 램프는 집을 더욱 돋보이게 할 것입니다.,홈 데코 | 조명
에브리데이 글래스,모든 주방에서 타의 추종을 불허합니다,가정용품|주방
커피 메이커,주방에 꼭 필요한 아이템,가정용품|주방
체크 셔츠,최신 스타일의 체크 셔츠,의류|셔츠
필라 캔들,이 필라 캔들은 집을 더욱 돋보이게 할 것입니다.,홈 데코 | 조명
브라운 슈즈,남성용 갈색 정장 신발 한 켤레,신발|정장
엣지 벨트,여성용 엣지 벨트,액세서리|벨트
마늘,이 맛있고 다양한 채소를 식료품 저장실에 잘 보관하십시오.,식료품|야채
발렌타인 데코레이션,특별한 날을 위해 일찍 주문하세요.,계절별|발렌타인
가뭄에 강한 실내 식물,유기농 농장에서 지속 가능한 방식으로 재배되는 가뭄에 강한 실내 식물,꽃|식물
마블러스 브레이슬릿,어떤 손목에도 잘 어울리는 멋진 여성용 팔찌,보석|팔찌
오렌지 작업대,타의 추종을 불허하는 오렌지색 작업대로 생산성을 높이세요,가구|테이블
흰색 작업대,사무실을 위한 타의 추종을 불허하는 흰색 작업대,가구|테이블
페루-오렌지 백팩,페루 오렌지 여성용 백팩,액세서리|배낭
나이프 세트,모든 주방에 잘 어울립니다.,가정용품|주방
슈퍼쿨 화이트 셔츠,매우 멋진 남성용 드레시 화이트 셔츠,의류|셔츠
쿠션 세트,이 쿠션 세트는 집에 꼭 있어야 할 필수품입니다.,홈 데코 | 쿠션
와인 글래스,주방에 꼭 필요한 아이템,가정용품|주방
행잉 램프,이 벽걸이 램프는 집을 더욱 돋보이게 할 것입니다,홈 데코 | 조명
시에나 드레서,두 개의 서랍이 있는 확실한 시에나 드레서는 필수품입니다.,가구|옷장
탠 렉탱글 쿠션,이 황갈색 직사각형 쿠션은 집에 꼭 있어야 할 필수품입니다.,홈 데코 | 쿠션
가뭄에 강한 실내 식물,재배자들이 신선하고 활기차게 배송한 가뭄에 강한 실내 식물,꽃|식물
폴로 티,모든 상황에 어울리는 남성용 폴로 티셔츠,의류|셔츠
다크 그레이 소파,어떤 방에도 잘 어울리는 멋진 다크 그레이 소파,가구|소파
다크 올리브 그린 재킷,이 여성용 다크 올리브 그린 재킷은 도시에 딱 맞습니다.,의류|재킷
블랙 작업대,이 완벽한 검은색 작업대로 생산성을 높이세요,가구|테이블
크리스마스 리스,연말연시 머스트해브 아이템,계절|크리스마스
할로윈 코스튬,10월 초에 꼭 주문하세요,계절별|할로윈
행잉 램프,이 벽걸이 램프는 집을 더욱 돋보이게 할 것입니다,홈 데코 | 조명
크리스마스 리스,휴일에 가장 좋아하는 것,계절|크리스마스
라이트 그레이 커피 테이블,타의 추종을 불허하는 이 라이트 그레이 테이블에서 커피를 마시며 휴식을 취하세요,가구|테이블
레드 스니커즈,새로운 도시에서 걸을 때 착용할 수 있는 울트라시크 레드 스니커즈,신발|스니커즈
다크 올리브 그린 드레서,세 개의 서랍이 달린 타의 추종을 불허하는 짙은 올리브 그린 드레서는 필수품입니다.,가구|옷장
라이트 그레이 직사각형 쿠션,이 밝은 회색 직사각형 쿠션은 집에 꼭 있어야 할 필수품입니다.,홈 데코 | 쿠션
브라운 슈즈,남성용 갈색 정장 신발 한 켤레,신발|정장
칫솔,매일 사용할 수 있는 부드러운 칫솔,뷰티|그루밍
페일 그레이 재킷,이 옅은 회색 여성용 재킷은 도시에 딱 맞습니다.,의류|재킷
다크 슬레이트 그레이 백팩,시즌 중 어디든 돌아다닐 수 있는 다크 슬레이트 그레이 남성용 백팩,액세서리|배낭
블랙 슈즈,남성용 블랙 포멀 슈즈 한 켤레,신발|정장
팬,주방에 꼭 필요한 아이템,가정용품|주방
소고기,우리의 쇠고기는 유기농이며 지속 가능한 방식으로 사육됩니다.,식료품|고기
부활절 장식,4월의 머스트해브 아이템,계절|부활절
크리스마스 캔디,연말연시 머스트해브 아이템,계절|크리스마스
크림슨 재킷,보온성이 좋은 여성용 캐주얼 재킷,의류|재킷
그루비 샌들,그루비 남성 샌들,신발|샌들
베이글,주방에서 매일 신선하게 만드는 베이글,식료품|베이커리
페루-오렌지 작업대,타의 추종을 불허하는 페루 오렌지 작업대로 생산성을 높이십시오.,가구|테이블
산스 파레일 브레이슬릿,Sans Pareil 여성용 브레이슬릿은 어떤 상황에도 잘 어울립니다.,보석|팔찌
크리스마스 오너먼트,휴일에 가장 좋아하는 것,계절|크리스마스
라이트 그레이 드레서,이 멋진 옷장에는 모든 물건을 정리할 수 있는 많은 서랍이 있습니다.,가구|옷장
다크 골든로드 암체어,이 멋진 다크 골든로드 암체어에서 휴식을 취하세요,가구|의자
일렉트릭 기타,이 일렉트릭 기타는 아마추어 및 전문 뮤지션에게 적합합니다.,악기 | 현악기
할로윈 스켈레톤,모두에게 사랑받는 기발한 날을 위한 머스트 해브 아이템,계절별|할로윈
행잉 램프,이 벽걸이 램프는 집을 더욱 돋보이게 할 것입니다,홈 데코 | 조명
멋진 안경,이 멋진 여성용 안경은 어디에나 완벽합니다,액세서리|안경
게인즈버러 드레서,이 타의 추종을 불허하는 옷장에는 모든 물건을 정리할 수 있는 많은 서랍이 있습니다.,가구|옷장
블랙 소파,이 호화로운 블랙 소파는 모든 방의 하이라이트가 될 것입니다.,가구|소파
불태워!립스틱,립스틱이 붉게 타오르고 불타는 듯한 반투명 칼집도 붉게 타오른다.,뷰티|그루밍
칵테일 글라스,모든 주방과 비교할 수 없습니다,가정용품|주방
나이프 세트,모든 주방에서 타의 추종을 불허합니다,가정용품|주방
테이퍼 캔들,이 테이퍼 캔들은 집 조명에 꼭 필요한 아이템입니다.,홈 데코 | 조명
보기시 스카프,어떤 상황에도 어울리는 여성용 보귀시 스카프,의류|스카프
목재 드레서,이 이상적인 옷장에는 모든 물건을 정리할 수 있는 많은 서랍이 있습니다.,가구|옷장
월넛 파이,이 맛있는 호두 파이는 매일 신선하게 만들어집니다.,식료품|베이커리
와인 글래스,모든 주방에서 타의 추종을 불허합니다,가정용품|주방
모디쉬 스카프,모든 상황에 어울리는 여성용 모디쉬 스카프,의류|스카프
클래식 세라믹 볼,이 클래식한 세라믹 그릇은 필수품입니다,가정용품|그릇
목재 작업대,이 뛰어난 목재 작업대로 생산성을 높이세요,가구|테이블
우아한 도자기 그릇,이 우아한 세라믹 그릇은 필수품입니다.,가정용품|그릇
장미 어레인지먼트,유기농 농장에서 지속 가능한 방식으로 재배한 장미,플로럴|어레인지먼트
컵케이크,주방에서 매일 신선하게 만드는 컵케이크,식료품|베이커리
크리스마스 피규어,연말연시 머스트해브 아이템,계절|크리스마스
타의 추종을 불허하는 낚시 바늘,모든 낚싯대를 위한 타의 추종을 불허하는 낚시 바늘,야외|낚시
게인즈버러 재킷,이 여성용 게인즈버러 재킷은 도시에 딱 맞습니다.,의류|재킷
스피피 스카프,어떤 상황에도 잘 어울리는 세련된 여성용 스카프,의류|스카프
할로윈 조명,10월 초에 꼭 주문하세요,계절별|할로윈
베이글,주방에서 매일 신선하게 만드는 베이글,식료품|베이커리
화이트 플레이트,모든 주방에서 타의 추종을 불허합니다,가정용품|주방
블루 스니커즈,동네를 거닐기 좋은 모디쉬 블루 스니커즈,신발|스니커즈
신뢰할 수 있는 낚시 미끼,모든 낚시꾼을 위한 믿을 수 있는 낚시 미끼,야외|낚시
발렌타인 데코레이션,특별한 날을 위해 일찍 주문하세요.,계절별|발렌타인
발렌타인 캔디,특별한 날을 위해 일찍 주문하세요.,계절별|발렌타인
크리스마스 장식,휴일에 가장 좋아하는 것,계절|크리스마스
크리스마스 오너먼트,연말연시 머스트해브 아이템,계절|크리스마스
브라운 슈즈,남성용 갈색 정장 신발 한 켤레,신발|정장
블랙 오피스 체어,사무실을 위한 타의 추종을 불허하는 검은색 의자,가구|의자
그루비 브레이슬릿,남성용 그루비 브레이슬릿,보석|팔찌
화이트 스니커즈,올라운드 보기쉬한 화이트 스니커즈,신발|스니커즈
새들 브라운 백팩,여성용 새들 브라운 백팩,액세서리|배낭
트렌디 벨트,트렌디한 여성 벨트,액세서리|벨트
위커 바스켓,이 위커 바구니는 모두를 기쁘게 할 것입니다.,가정 장식 | 장식
화이트 코트,여성용 화이트 코트,의류|셔츠
슈퍼쿨 샌들,이 멋진 남성용 샌들은 여름에 딱 맞습니다.,신발|샌들
가뭄에 강한 실내 식물,유기농 농장에서 지속 가능한 방식으로 재배되는 가뭄에 강한 실내 식물,꽃|식물
다크 카키 암체어,어떤 방에도 잘 어울리는 멋진 다크 카키 암체어,가구|의자
키보드,이 키보드는 가장 까다로운 음악가를 기쁘게 할 것입니다,악기|키
누드 힐,여성용 누드 힐 한 켤레,신발|정장
프레임,이 액자는 홈 데코를 위한 머스트해브 아이템입니다.,가정 장식 | 장식
어쿠스틱 드럼,이 어쿠스틱 드럼은 아마추어 및 전문 뮤지션에게 적합합니다.,악기|타악기
브레드,주방에서 매일 신선하게 만드는 빵,식료품|베이커리
장미 어레인지먼트,재배자들이 신선하고 생동감 넘치는 장미 어레인지먼트를 제공합니다.,플로럴|어레인지먼트
스트라이프 티,모든 상황에 어울리는 남성용 스트라이프 티셔츠,의류|셔츠
다크 그레이 체어,이 부드러운 짙은 회색 식당 의자를 즐기십시오,가구|의자
소고기,우리의 쇠고기는 농부들에 의해 지속 가능한 방식으로 사육됩니다.,식료품|고기
벌리우드 작업대,사무실을 위한 타의 추종을 불허하는 벌리우드 작업대,가구|테이블
항아리 캔들,이 항아리 캔들은 집을 더욱 돋보이게 할 것입니다,홈 데코 | 조명
업라이트 피아노,이 업라이트 피아노는 아마추어 및 전문 음악가에게 적합합니다.,악기|키
믹스 어레인지,유기농 농장에서 지속 가능한 방식으로 재배한 혼합 어레인지,플로럴|어레인지먼트
시에나 백팩,시즌 중 어디든 돌아다닐 수 있는 Sienna 남성용 백팩,액세서리|배낭
세련된 브레이슬릿,시선을 사로잡는 세련된 여성용 팔찌입니다.,보석|팔찌
화이트 드레서,이 멋진 옷장에는 모든 물건을 정리할 수 있는 많은 서랍이 있습니다.,가구|옷장
화이트 다이닝 체어,어떤 식당에도 어울리는 비교할 수 없는 흰색 의자,가구|의자
부활절 바구니,이 부활절 바구니는 홈 데코를 위한 머스트해브 아이템입니다,가정 장식 | 장식
그레이 세트 쿠션,이 회색 세트 쿠션은 집에 꼭 있어야 할 필수품입니다.,홈 데코 | 쿠션
소고기,우리의 쇠고기는 농부들에 의해 지속 가능한 방식으로 사육됩니다.,식료품|고기
위커 바스켓,이 위커 바구니는 홈 데코를 위한 머스트해브 아이템입니다.,가정 장식 | 장식
그레이 다이닝 체어,모든 식당에 어울리는 완벽한 회색 의자,가구|의자
할로윈 화환,10월 초에 꼭 주문하세요,계절별|할로윈
등나무 바구니,이 등나무 바구니는 모두를 기쁘게 할 것입니다,가정 장식 | 장식
오풀런트 세라믹 볼,어떤 상황에도 어울리는 화려한 세라믹 그릇,가정용품|그릇
블랙 힐,여성용 블랙 포멀 힐 한 켤레,신발|정장
베이글,주방에서 매일 신선하게 만드는 베이글,식료품|베이커리
찻주전자,주방에 꼭 필요한 아이템,가정용품|주방
퍼스트 클래스 스카프,여성용 최고급 스카프,의류|스카프
울트라쿨 샌들,이 남성용 울트라 쿨 샌들은 여름에 딱 맞습니다.,신발|샌들
다크 슬레이트 그레이 재킷,사계절 입을 수 있는 여성용 따뜻한 캐주얼 재킷,의류|재킷
맥주 글래스,주방에 꼭 필요한 아이템,가정용품|주방
칵테일 글라스,모든 주방에서 타의 추종을 불허합니다,가정용품|주방
크리스마스 조명,연말연시 머스트해브 아이템,계절|크리스마스
그루비 샌들,그루비 남성 샌들,신발|샌들
실내 식물,유기농 농장에서 지속 가능한 방식으로 재배한 실내 식물,꽃|식물
그레이 소파,이 편안한 회색 소파를 즐기세요,가구|소파
슈퍼쿨 안경,이 슈퍼 쿨 남성용 안경은 비교할 수 없습니다,액세서리|안경
화이트 다이닝 테이블,온 가족을 위한 멋진 화이트 다이닝 룸,가구|테이블
헤어 클리퍼,모든 욕실에 사용할 수 있는 면도기,뷰티|그루밍
신뢰할 수 있는 낚시 후크,이 믿을 수 있는 낚시 바늘은 반드시 성공을 가져다 줄 것입니다.,야외|낚시
시에나 소파,이 부드러운 시에나 소파를 즐기세요,가구|소파
실내 식물,유기농 농장에서 지속 가능한 방식으로 재배한 실내 식물,꽃|식물
카메라,아마추어 및 전문가용 카메라,전자제품|카메라
위커 바스켓,이 위커 바구니는 모두를 기쁘게 할 것입니다.,가정 장식 | 장식
부활절 초콜릿 에그,4월 초순에 가장 인기 있는 메뉴,계절|부활절
트렌디 스카프,트렌디한 남성용 스카프,의류|스카프
옐로우 플레이트,모든 주방에 꼭 맞는 제품,가정용품|주방
크리스마스 장식,연말연시 머스트해브 아이템,계절|크리스마스
우아한 도자기 그릇,이 우아한 세라믹 그릇은 필수품입니다.,가정용품|그릇
부활절 바구니,이 부활절 바구니는 모두를 기쁘게 할 것입니다,가정 장식 | 장식
크리스마스 피규어,휴일에 가장 좋아하는 것,계절|크리스마스
팬시 우드 보울,이 멋진 나무 그릇은 필수품입니다.,가정용품|그릇
그레이 커피 테이블,하루를 활기차게 만들어줄 그루비 그레이 커피 테이블,가구|테이블
소고기,우리의 쇠고기는 농부들에 의해 지속 가능한 방식으로 사육됩니다.,식료품|고기
테이블 램프,이 테이블 램프는 집을 더욱 돋보이게 할 것입니다.,홈 데코 | 조명
힙 안경,남성용 힙합 안경,액세서리|안경
밝은 회색 작업대,타의 추종을 불허하는 라이트 그레이 작업대로 생산성을 높이십시오.,가구|테이블
크림슨 스니커즈,이 스웰 크림슨 스니커즈는 동네를 탐험하기에 안성맞춤입니다.,신발|스니커즈
면도기,모든 욕실에 사용할 수 있는 면도기,뷰티|그루밍
카메라 삼각대,스파이처럼 언제 어디서나 동영상을 찍을 수 있습니다.,전자제품|카메라
발렌타인 인형 토끼,특별한 날을 위해 일찍 주문하세요.,계절별|발렌타인
심벌,이 심벌즈는 가장 까다로운 뮤지션을 기쁘게 할 것입니다.,악기|타악기
울트라쿨 샌들,이 남성용 울트라 쿨 샌들은 여름에 딱 맞습니다.,신발|샌들
다크 올리브 그린 드레서,서랍이 많은 비교할 수없는 짙은 올리브 그린 드레서는 필수품입니다.,가구|옷장
페루-오렌지 소파,이 멋진 페루 오렌지 소파는 모든 방의 하이라이트가 될 것입니다,가구|소파
유리 다이닝 테이블,이 타의 추종을 불허하는 유리 식탁은 모두를 기쁘게 할 것입니다,가구|테이블
쿠키,주방에서 매일 신선하게 만드는 쿠키,식료품|베이커리
페일 그레이 스퀘어 쿠션,이 옅은 회색 사각형 쿠션은 집에 꼭 있어야 할 필수품입니다.,홈 데코 | 쿠션
유리 꽃병,이 유리 꽃병은 홈 데코를 위한 머스트해브 아이템입니다.,가정 장식 | 장식
쿨 벨트,여성용 쿨 벨트,액세서리|벨트
슈퍼쿨 셔츠,매우 멋진 남성용 드레시 셔츠,의류|셔츠
크리스마스 오너먼트,연말연시 머스트해브 아이템,계절|크리스마스
패셔너블 벨트,모든 상황에 어울리는 패셔너블한 벨트,액세서리|벨트
크리스마스 리스,연말연시 머스트해브 아이템,계절|크리스마스
튤립 어레인지,재배자들이 신선하고 생동감 넘치는 튤립 어레인지를 제공합니다.,플로럴|어레인지먼트
토마토,이 맛있는 채소는 모든 식료품 저장실에 꼭 있어야 할 필수품입니다.,식료품|야채
등나무 바구니,이 등나무 바구니는 모두를 기쁘게 할 것입니다,가정 장식 | 장식
가뭄에 강한 실내 식물,재배자들이 신선하고 활기차게 배송한 가뭄에 강한 실내 식물,꽃|식물
할로윈 사인,10월 초에 꼭 주문하세요,계절별|할로윈
가뭄에 강한 실내 식물,재배자들이 신선하고 활기차게 배송한 가뭄에 강한 실내 식물,꽃|식물
다크 슬레이트 그레이 코트,겨울용 남성용 따뜻한 캐주얼 코트,의류|재킷
블랙 백팩,이 남성용 블랙 백팩은 모든 곳을 탐험하기에 타의 추종을 불허합니다.,액세서리|배낭
고급 세라믹 볼,이 클래식한 세라믹 그릇은 필수품입니다,가정용품|그릇
나무 식탁,온 가족을 위한 타의 추종을 불허하는 목재 다이닝 룸,가구|테이블
댄디시 안경,이 댄디한 남성용 안경은 훌륭합니다,액세서리|안경
비디오 카메라,아마추어 및 전문가용 비디오 카메라,전자제품|카메라
어쿠스틱 기타,이 어쿠스틱 기타는 가장 까다로운 뮤지션을 기쁘게 할 것입니다.,악기 | 현악기
소고기,우리의 쇠고기는 농부들에 의해 지속 가능한 방식으로 사육됩니다.,식료품|고기
발렌타인 머그,특별한 날을 위한 머스트해브 아이템,계절별|발렌타인
소고기,우리의 쇠고기는 농부들에 의해 지속 가능한 방식으로 사육됩니다.,식료품|고기
발렌타인 초콜릿,특별한 날을 위한 머스트해브 아이템,계절별|발렌타인
울트라힙 안경,이 여성용 울트라힙 안경은 어디에나 완벽합니다,액세서리|안경
허니 디퍼,모든 주방에서 타의 추종을 불허합니다,가정용품|주방
다크 슬레이트 그레이 스니커즈,다크 슬레이트 그레이 스니커즈를 신고 동네를 둘러보세요,신발|스니커즈
블루 체크 스퀘어 쿠션,이 파란색 체크 무늬 사각형 쿠션은 매우 부드럽습니다.,홈 데코 | 쿠션
등나무 바구니,이 라탄 바구니는 홈 데코를 위한 머스트해브 아이템입니다.,가정 장식 | 장식
브라운 슈즈,남성용 갈색 정장 신발 한 켤레,신발|정장
그루비 샌들,그루비 남성 샌들,신발|샌들
슬레이트 그레이 셔츠,여성용 모디쉬 슬레이트 그레이 캐주얼 셔츠,의류|셔츠
테이퍼 캔들,이 테이퍼 캔들은 집을 더욱 돋보이게 할 것입니다.,홈 데코 | 조명
컵케이크,주방에서 매일 신선하게 만드는 컵케이크,식료품|베이커리
웅장한 도자기 그릇,이 멋진 도자기 그릇은 필수품입니다,가정용품|그릇
옅은 회색 작업대,타의 추종을 불허하는 옅은 회색 작업대로 생산성을 높이십시오.,가구|테이블
다크 브라운 코트,단열 기능이 뛰어난 남성용 아웃도어 가을 코트,의류|재킷
브레드,주방에서 매일 신선하게 만드는 빵,식료품|베이커리
스웰 벨트,모든 상황에 맞는 스웰 벨트,액세서리|벨트
어쿠스틱 드럼,이 어쿠스틱 드럼은 가장 까다로운 뮤지션을 기쁘게 할 것입니다.,악기|타악기
다크 슬레이트 그레이 재킷,여성용 드레시한 자켓 어바웃 타운,의류|재킷
게인즈버러 소파,이 호화로운 게인즈버러 소파는 모든 방의 하이라이트가 될 것입니다,가구|소파
다크 슬레이트 그레이 재킷,남성용 따뜻한 올 시즌 캐주얼 재킷,의류|재킷
어쿠스틱 드럼,이 어쿠스틱 드럼은 아마추어 및 전문 뮤지션에게 적합합니다.,악기|타악기
다크 슬레이트 그레이 재킷,여성용 멋진 캐주얼 재킷,의류|재킷
포레스트 그린 스니커즈,이 포레스트 그린 스니커즈는 새로운 도시를 탐험하기에 안성맞춤입니다.,신발|스니커즈
행잉 램프,이 벽걸이 램프는 집 조명에 꼭 필요한 제품입니다.,홈 데코 | 조명
아웃스탠딩 스카프,여성을 위한 뛰어난 스카프,의류|스카프
스플렌디드 세라믹 볼,어떤 상황에도 어울리는 멋진 세라믹 그릇,가정용품|그릇
브라운 슈즈,여성용 갈색 정장 신발 한 켤레,신발|정장
울트라쿨 안경,남성용 울트라 쿨 안경,액세서리|안경
트렌디 윈터 재킷,산악용 여성용 단열 캐주얼 재킷,의류|재킷
소고기,우리의 쇠고기는 유기농이며 지속 가능한 방식으로 사육됩니다.,식료품|고기
보라색 사무실 의자,사무실을 위한 타의 추종을 불허하는 보라색 의자,가구|의자
로지 브라운 다이닝 테이블,이 확실한 장밋빛 갈색 식탁은 모두를 기쁘게 할 것입니다.,가구|테이블
일렉트릭 기타,이 일렉트릭 기타는 아마추어 및 전문 뮤지션에게 적합합니다.,악기 | 현악기
펑키 안경,이 펑키한 여성용 안경은 어디에나 완벽합니다.,액세서리|안경
부활절 플라스틱 달걀,4월 초순에 가장 인기 있는 메뉴,계절|부활절
탠 핸드백,펑키한 황갈색 핸드백은 유아를 위한 캐주얼한 액세서리입니다.,액세서리|핸드백
서브라임 스카프,서브라임 여성용 스카프,의류|스카프
로지 브라운 드레서,이 이상적인 옷장에는 모든 물건을 정리할 수 있는 세 개의 서랍이 있습니다.,가구|옷장
조리기구,주방에 꼭 필요한 아이템,가정용품|주방
타의 추종을 불허하는 낚시 릴,모든 낚싯대를 위한 타의 추종을 불허하는 낚시 릴,야외|낚시
컵케이크,주방에서 매일 신선하게 만드는 컵케이크,식료품|베이커리
정교한 세라믹 보울,모든 상황에 어울리는 정교한 세라믹 볼,가정용품|그릇
스트레이너,주방에 꼭 필요한 아이템,가정용품|주방
크리스마스 머그,휴일에 가장 좋아하는 것,계절|크리스마스
새시 스카프,모든 상황에 어울리는 멋진 여성용 스카프,의류|스카프
일렉트릭 기타,이 일렉트릭 기타는 아마추어 및 전문 뮤지션에게 적합합니다.,악기 | 현악기
일렉트릭 기타,이 일렉트릭 기타는 아마추어 및 전문 뮤지션에게 적합합니다.,악기 | 현악기
부활절 장식용 달걀,4월의 머스트해브 아이템,계절|부활절
주전자,주방에 꼭 필요한 아이템,가정용품|주방
멀티컬러 체크 셔츠,모든 연령대의 남성용 캐주얼 셔츠,의류|셔츠
등나무 바구니,이 등나무 바구니는 모두를 기쁘게 할 것입니다,가정 장식 | 장식
돼지고기,우리 돼지고기는 유기농이며 지속 가능한 방식으로 사육됩니다.,식료품|고기
키라임 파이,이 맛있는 키라임 파이는 매일 신선하게 만들어집니다.,식료품|베이커리
할로윈 코스튬,모두에게 사랑받는 기발한 날을 위한 머스트 해브 아이템,계절별|할로윈
가뭄에 강한 실내 식물,유기농 농장에서 지속 가능한 방식으로 재배되는 가뭄에 강한 실내 식물,꽃|식물
할머니의 마스카라,20대 이후까지 유행에 뒤쳐지지 않았던 20대 룩.,뷰티|그루밍
슈어 파이어 피싱 릴,확실하고 사용하기 쉬운 낚시 릴,야외|낚시
페루-오렌지 체어,이 부드러운 페루 오렌지 다이닝 체어를 즐기세요,가구|의자
다크 슬레이트 그레이 재킷,보온성이 좋은 여성용 캐주얼 재킷,의류|재킷
시에나 슈즈,여성용 시에나 포멀 슈즈 한 켤레,신발|정장
냄비 세트,모든 주방에 적합,가정용품|주방
포테이토,이 맛있고 다양한 채소를 식료품 저장실에 잘 보관하십시오.,식료품|야채
다크 슬레이트 그레이 백팩,시즌 동안 멀리 걸을 수 있는 다크 슬레이트 그레이 남성용 백팩,액세서리|배낭
할로윈 코스튬,10월 초에 꼭 주문하세요,계절별|할로윈
세련된 세라믹 볼,모든 상황에 어울리는 세련된 세라믹 그릇,가정용품|그릇
정교한 세라믹 보울,모든 상황에 어울리는 정교한 세라믹 볼,가정용품|그릇
행잉 램프,이 벽걸이 램프는 집을 더욱 돋보이게 할 것입니다,홈 데코 | 조명
프레임,이 프레임은 모두를 기쁘게 할 것입니다.,가정 장식 | 장식
그레이 플레이트,주방에 꼭 필요한 아이템,가정용품|주방
레드 오버셔츠,여성용 보기시 캐주얼 오버셔츠,의류|셔츠
발렌타인 데코레이션,특별한 날을 위해 일찍 주문하세요.,계절별|발렌타인
셰프 나이프,주방에 꼭 필요한 아이템,가정용품|주방
다크 그레이 안락 의자,어떤 방에도 잘 어울리는 멋진 다크 그레이 암체어,가구|의자
고급 세라믹 볼,이 클래식한 세라믹 그릇은 필수품입니다,가정용품|그릇
녹색 사과 모양의 핸드백,이 캐주얼한 핸드백은 어디에나 꼭 필요한 아이템입니다.,액세서리|핸드백
디피니티브 피싱 릴,모든 낚싯대를 위한 최고의 낚시 릴,야외|낚시
게인즈버러 백팩,이 게인즈버러 백팩은 이번 시즌에 꼭 맞는 제품입니다,액세서리|배낭
마블러스 브레이슬릿,이 놀라운 여성용 팔찌는 사람들의 시선을 사로잡을 것입니다.,보석|팔찌
다크 올리브 그린 백팩,이 남성용 다크 올리브 그린 백팩은 어디든 탐험하기에 타의 추종을 불허합니다.,액세서리|배낭
네온 핑크 슈즈,여성용 네온 핑크 포멀 슈즈 한 켤레,신발|정장
돼지고기,우리 돼지고기는 유기농이며 지속 가능한 방식으로 사육됩니다.,식료품|고기
힙 벨트,이 여성용 힙 벨트는 모든 상황에 적합합니다.,액세서리|벨트
주전자,주방에 꼭 필요한 아이템,가정용품|주방
힙 스카프,모든 상황에 어울리는 여성용 힙 스카프,의류|스카프
고급 세라믹 볼,이 클래식한 세라믹 그릇은 필수품입니다,가정용품|그릇
칵테일 글라스,주방에 꼭 필요한 아이템,가정용품|주방
크리스마스 오너먼트,휴일에 가장 좋아하는 것,계절|크리스마스
드럼 세트,이 드럼 세트는 아마추어 및 전문 뮤지션에게 적합합니다.,악기|타악기
조리기구,주방에 꼭 필요한 아이템,가정용품|주방
초콜릿 소파,어떤 방에도 어울리는 타의 추종을 불허하는 초콜릿 소파,가구|소파
마룬 스니커즈,도시 산책을 위한 활기찬 마룬 스니커즈,신발|스니커즈
펑키 안경,여성용 펑키 안경,액세서리|안경
블랙 다이닝 테이블,이 이상적인 블랙 식탁은 모두를 기쁘게 할 것입니다.,가구|테이블
펑키 벨트,모든 상황에 어울리는 펑키 벨트,액세서리|벨트
찻주전자,모든 주방에서 타의 추종을 불허합니다,가정용품|주방
블랙 슈즈,여성용 블랙 포멀 슈즈 한 켤레,신발|정장
일렉트릭 기타,이 일렉트릭 기타는 가장 까다로운 뮤지션을 기쁘게 할 것입니다.,악기 | 현악기
힙 안경,남성용 힙합 안경,액세서리|안경
크리스마스 장식,연말연시 머스트해브 아이템,계절|크리스마스
블랙 스니커즈,이 멋진 블랙 스니커즈는 새로운 도시를 탐험하기에 안성맞춤입니다.,신발|스니커즈
도너츠,주방에서 매일 신선하게 만드는 도너츠,식료품|베이커리
일렉트릭 기타,이 일렉트릭 기타는 아마추어 및 전문 뮤지션에게 적합합니다.,악기 | 현악기
맥주 글래스,주방에 꼭 필요한 아이템,가정용품|주방
다크 슬레이트 그레이 백팩,다크 슬레이트 그레이 백팩은 여행에 실용적입니다.,액세서리|배낭
등나무 바구니,이 라탄 바구니는 홈 데코를 위한 머스트해브 아이템입니다.,가정 장식 | 장식
에브리데이 글래스,모든 주방과 비교할 수 없습니다,가정용품|주방
페일 그레이 스니커즈,동네에서 신나는 분위기를 연출할 수 있는 옅은 회색 운동화 한 켤레,신발|스니커즈
황갈색 사무실 의자,이 멋진 황갈색 사무용 의자로 생산성을 높이세요,가구|의자
쿠션 세트,이 쿠션 세트는 매우 스타일리시합니다.,홈 데코 | 쿠션
블루 스니커즈,다재다능한 모험심 블루 스니커즈,신발|스니커즈
패셔너블 벨트,모든 상황에 어울리는 패셔너블한 벨트,액세서리|벨트
페일 그레이 스니커즈,이 페일 그레이 스니커즈는 동네에서 탐험하기에 아주 좋습니다.,신발|스니커즈
대퍼 샌들,단아한 남성용 샌들,신발|샌들
다크 슬레이트 그레이 소파,이 편안한 다크 슬레이트 그레이 소파를 즐기세요,가구|소파
부활절 초콜릿 에그,4월의 머스트해브 아이템,계절|부활절
화이트 백팩,흰색 배낭은 여행에 적합합니다.,액세서리|배낭
블랙 스니커즈,도시에서 탐험할 수 있는 댄디한 블랙 스니커즈,신발|스니커즈
위커 바스켓,이 위커 바구니는 홈 데코를 위한 머스트해브 아이템입니다.,가정 장식 | 장식
항아리 캔들,이 항아리 캔들은 집을 더욱 돋보이게 할 것입니다,홈 데코 | 조명
어쿠스틱 기타,이 어쿠스틱 기타는 아마추어 및 전문 뮤지션에게 적합합니다.,악기 | 현악기
할로윈 화환,모두에게 사랑받는 기발한 날을 위한 머스트 해브 아이템,계절별|할로윈
화이트 드레서,타의 추종을 불허하는 이 옷장에는 모든 물건을 정리할 수 있는 많은 서랍이 있습니다.,가구|옷장
부활절 캔디,4월 초순에 가장 인기 있는 메뉴,계절|부활절
주전자,모든 주방에서 타의 추종을 불허합니다,가정용품|주방
부활절 캔디,4월 초순에 가장 인기 있는 메뉴,계절|부활절
라이트 블루 데님,사계절 입을 수 있는 멋진 여성용 캐주얼 재킷,의류|재킷
화이트 플레이트,모든 주방에서 타의 추종을 불허합니다,가정용품|주방
칠리,이 맛있고 다양한 채소를 식료품 저장실에 잘 보관하십시오.,식료품|야채
다크 슬레이트 그레이 재킷,사계절 내내 입을 수 있는 남성용 따뜻한 캐주얼 재킷,의류|재킷
베이지 액센트 테이블,방을 돋보이게 하는 트렌디한 베이지 액센트 테이블,가구|테이블
밝은 회색 작업대,타의 추종을 불허하는 라이트 그레이 작업대로 생산성을 높이십시오.,가구|테이블
행잉 램프,이 벽걸이 램프는 집 조명에 꼭 필요한 제품입니다.,홈 데코 | 조명
힙 샌들,남성용 힙합 샌들,신발|샌들
게인즈버러 작업대,타의 추종을 불허하는 Gainsboro 작업대로 생산성을 높이십시오.,가구|테이블
다크 카키 오피스 체어,비교할 수 없는 다크 카키 오피스 체어,가구|의자
셰프 나이프,모든 주방에 잘 어울립니다.,가정용품|주방
그루밍 키트,모든 욕실의 필수품,뷰티|그루밍
쿨 브레이슬릿,이 남성용 팔찌는 활기찬 개성을 보여줄 것입니다,보석|팔찌
레드 핸드백,모든 의상에 잘 어울리는 레드 핸드백,액세서리|핸드백
페일 그레이 직사각형 쿠션,이 옅은 회색의 직사각형 쿠션은 집에 꼭 있어야 할 필수품입니다.,홈 데코 | 쿠션
크리스마스 장식,연말연시 머스트해브 아이템,계절|크리스마스
업라이트 피아노,이 업라이트 피아노는 아마추어 및 전문 음악가에게 적합합니다.,악기|키
가뭄에 강한 실내 식물,유기농 농장에서 지속 가능한 방식으로 재배되는 가뭄에 강한 실내 식물,꽃|식물
일렉트릭 기타,이 일렉트릭 기타는 가장 까다로운 뮤지션을 기쁘게 할 것입니다.,악기 | 현악기
화이트 액센트 테이블,이 모디쉬 화이트 액센트 테이블은 어떤 방에도 잘 어울립니다.,가구|테이블
마룬 슈즈,남성용 마룬 포멀 슈즈 한 켤레,신발|정장
미드나잇 블루 스니커즈,새로운 도시를 탐험할 수 있는 트렌디한 미드나잇 블루 스니커즈,신발|스니커즈
카메라,이 카메라는 특별한 순간을 포착하기에 안성맞춤입니다.,전자제품|카메라
멋진 안경,멋진 남성용 안경,액세서리|안경
세련된 세라믹 볼,어떤 상황에도 어울리는 스타일리시한 세라믹 그릇,가정용품|그릇
화이트 플레이트,주방에 꼭 필요한 아이템,가정용품|주방
다크 슬레이트 그레이 백팩,다크 슬레이트 그레이 백팩은 여행에 유용합니다.,액세서리|배낭
다크 그레이 작업대,비교할 수 없는 다크 그레이 작업대로 생산성을 높이세요,가구|테이블
가뭄에 강한 실내 식물,재배자들이 신선하고 활기차게 배송한 가뭄에 강한 실내 식물,꽃|식물
비디오 카메라,이 비디오 카메라는 특별한 순간을 포착하는 데 적합합니다.,전자제품|카메라
그루비 스카프,어떤 상황에도 잘 어울리는 그루비 여성용 스카프,의류|스카프
데님 오버코트,여성용 따뜻한 캐주얼 재킷,의류|재킷
플로랄 디자인 플레이트,주방에 꼭 필요한 아이템,가정용품|주방
비디오 카메라,이 비디오 카메라는 특별한 순간을 포착하는 데 적합합니다.,전자제품|카메라
로지 브라운 액센트 테이블,방을 돋보이게 해줄 그루비 로지 브라운 액센트 테이블,가구|테이블
흰색과 검은 색 의자,사무실에 어울리는 비교할 수 없는 흰색과 검은색 의자,가구|의자
블랙 슈즈,남성용 블랙 포멀 슈즈 한 켤레,신발|정장
어쿠스틱 베이스,이 어쿠스틱 베이스는 가장 까다로운 뮤지션을 기쁘게 할 것입니다.,악기 | 현악기
스완키 데님 재킷,사계절 내내 입을 수 있는 멋진 남성용 캐주얼 재킷,의류|재킷
슈퍼쿨 벨트,여성용 슈퍼쿨 벨트,액세서리|벨트
흰색 작업대,이 뛰어난 흰색 작업대로 생산성을 높이십시오.,가구|테이블
크리스마스 장식,연말연시 머스트해브 아이템,계절|크리스마스
할로윈 조명,10월 초에 꼭 주문하세요,계절별|할로윈
유리 꽃병,이 유리 꽃병은 모두를 기쁘게 할 것입니다,가정 장식 | 장식
크리스마스 오너먼트,휴일에 가장 좋아하는 것,계절|크리스마스
트렌디 스카프,트렌디한 남성용 스카프,의류|스카프
일렉트릭 베이스,이 일렉트릭 베이스는 아마추어 및 전문 음악가에게 적합합니다.,악기 | 현악기
가뭄에 강한 실내 식물,재배자들이 신선하고 활기차게 배송한 가뭄에 강한 실내 식물,꽃|식물
러블리 팔찌,이 사랑스러운 여성용 팔찌는 시선을 사로잡을 것입니다,보석|팔찌
키보드,이 키보드는 가장 까다로운 음악가를 기쁘게 할 것입니다,악기|키
유리 꽃병,이 유리 꽃병은 홈 데코를 위한 머스트해브 아이템입니다.,가정 장식 | 장식
발렌타인 인형 테디베어,특별한 날을 위해 일찍 주문하세요.,계절별|발렌타인
트렌디 안경,트렌디한 남성용 안경,액세서리|안경
눈부신 세라믹 볼,이 눈부신 세라믹 그릇은 필수품입니다,가정용품|그릇
브라운 스니커즈,이 펑키한 브라운 스니커즈는 새로운 도시를 탐험하기에 안성맞춤입니다.,신발|스니커즈
할로윈 데코레이션,모두에게 사랑받는 기발한 날을 위한 머스트 해브 아이템,계절별|할로윈
등나무 바구니,이 라탄 바구니는 홈 데코를 위한 머스트해브 아이템입니다.,가정 장식 | 장식
할로윈 스켈레톤,모두에게 사랑받는 기발한 날을 위한 머스트 해브 아이템,계절별|할로윈
배기 데님 셔츠,여성용 그루비 캐주얼 셔츠,의류|셔츠
비디오 카메라,아마추어 및 전문가용 비디오 카메라,전자제품|카메라
그루비 브레이슬릿,남성용 그루비 브레이슬릿,보석|팔찌
다크 그레이 작업대,사무실을 위한 타의 추종을 불허하는 다크 그레이 작업대,가구|테이블
탠 재킷,남성용 탠 재킷 어바웃 타운,의류|재킷
신뢰할 수 있는 낚시 릴,이 믿을 수 있는 낚시 릴은 성공을 가져다 줄 것입니다.,야외|낚시
브레드,주방에서 매일 신선하게 만드는 빵,식료품|베이커리
블랙 앤 화이트 스니커즈,동네에서 둘러볼 수 있는 트렌디한 블랙 앤 화이트 스니커즈,신발|스니커즈
발렌타인 인형 테디베어,특별한 날을 위해 일찍 주문하세요.,계절별|발렌타인
어쿠스틱 드럼,이 어쿠스틱 드럼은 아마추어 및 전문 뮤지션에게 적합합니다.,악기|타악기
블랙 스니커즈,도시에서 탐험할 수 있는 패셔너블한 블랙 스니커즈,신발|스니커즈
트렌디 스카프,모든 상황에 어울리는 트렌디한 남성용 스카프,의류|스카프
옅은 회색 작업대,타의 추종을 불허하는 옅은 회색 작업대로 생산성을 높이십시오.,가구|테이블
비디오 카메라,이 비디오 카메라는 특별한 순간을 포착하는 데 적합합니다.,전자제품|카메라
테이블 램프,이 테이블 램프는 집을 더욱 돋보이게 할 것입니다.,홈 데코 | 조명
새들 브라운 재킷,"보온성이 좋은 여성용 캐주얼 재킷, 사계절 착용",의류|재킷
맥주 글래스,모든 주방에 잘 어울립니다.,가정용품|주방
미드나잇 블루 윈터 재킷,단열 기능이 뛰어난 여성용 아웃도어 재킷,의류|재킷
라이트 그레이 오피스 체어,이 편안한 밝은 회색 사무용 의자로 생산성을 높이십시오.,가구|의자
블랙 드레서,이 멋진 옷장에는 모든 물건을 정리할 수 있는 많은 서랍이 있습니다.,가구|옷장
화이트 플레이트,모든 주방에 잘 어울립니다.,가정용품|주방
어쿠스틱 드럼,이 어쿠스틱 드럼은 아마추어 및 전문 뮤지션에게 적합합니다.,악기|타악기
발렌타인 초콜릿,특별한 날을 위한 머스트해브 아이템,계절별|발렌타인
부활절 장식,4월의 머스트해브 아이템,계절|부활절
슬립온 샌들,남성용 슬립온 샌들,신발|샌들
울트라시크 스카프,어떤 상황에도 어울리는 여성용 울트라시크 스카프,의류|스카프
마룬 핸드백,이 캐주얼한 밤색 핸드백은 어디에나 잘 어울립니다.,액세서리|핸드백
펑키 스카프,남성용 펑키 스카프,의류|스카프
할로윈 사인,10월 초에 꼭 주문하세요,계절별|할로윈
일렉트릭 베이스,이 일렉트릭 베이스는 아마추어 및 전문 음악가에게 적합합니다.,악기 | 현악기
대퍼 화이트 셔츠,대퍼 드레시 화이트 셔츠 남성용,의류|셔츠
트렌디 티,남성 캐주얼 티셔츠,의류|셔츠
다크 슬레이트 그레이 액센트 테이블,이 세련된 다크 슬레이트 그레이 액센트 테이블은 어떤 방에도 잘 어울립니다.,가구|테이블
다크 그레이 안락 의자,어떤 방에도 잘 어울리는 엣지 있는 다크 그레이 암체어,가구|의자
토마토,이 맛있고 다양한 채소를 식료품 저장실에 잘 보관하십시오.,식료품|야채
라이트 슬레이트 그레이 오피스 체어,사무실을 위한 완벽한 라이트 슬레이트 그레이 의자,가구|의자
나이스 스트라이프 블라우스,입기 쉽고 편한 엄마!,의류|셔츠
스피피 샌들,이 푹신한 여성용 샌들은 여름에 딱 맞습니다.,신발|샌들
화이트 드레서,이 멋진 옷장에는 모든 물건을 정리할 수 있는 두 개의 서랍이 있습니다.,가구|옷장
일렉트릭 베이스,이 일렉트릭 베이스는 아마추어 및 전문 음악가에게 적합합니다.,악기 | 현악기
블랙 가죽 재킷,사계절 내내 입을 수 있는 남성용 따뜻한 캐주얼 재킷,의류|재킷
화이트 플레이트,모든 주방과 비교할 수 없습니다,가정용품|주방
다크 그레이 커피 테이블,하루를 활기차게 만들어줄 엣지 있는 다크 그레이 커피 테이블,가구|테이블
블랙 오피스 체어,사무실을 위한 타의 추종을 불허하는 검은색 의자,가구|의자
산스 파레일 스카프,여성용 산스 파레일 스카프,의류|스카프
크리스마스 피규어,휴일에 가장 좋아하는 것,계절|크리스마스
바이올린,이 바이올린은 아마추어 및 전문 음악가에게 적합합니다.,악기 | 현악기
라이트 핑크 핸드백,이 라이트 핑크 핸드백은 멋진 멋진 동반자입니다.,액세서리|핸드백
보기시 벨트,여성용 보기시 벨트,액세서리|벨트
가뭄에 강한 실내 식물,재배자들이 신선하고 활기차게 배송한 가뭄에 강한 실내 식물,꽃|식물
라이트 그레이 스퀘어 쿠션,이 밝은 회색 사각형 쿠션은 집에 꼭 있어야 할 필수품입니다.,홈 데코 | 쿠션
블랙 백팩,시즌 중 어디에서든 활기차게 달릴 수 있는 블랙 남성용 백팩,액세서리|배낭
블랙 핸드백,이 블랙 드레시 핸드백은 전형적인 아이템입니다,액세서리|핸드백
부활절 장식,4월 초순에 가장 인기 있는 메뉴,계절|부활절
돼지고기,우리 돼지고기는 유기농이며 지속 가능한 방식으로 사육됩니다.,식료품|고기
트렌디 셔츠,트렌디하고 드레시한 남성용 셔츠,의류|셔츠
인텐스 매트 립스틱,경외심을 불러일으키고 미스터리가 되어보세요.,뷰티|그루밍
발렌타인 캔디,특별한 날을 위해 일찍 주문하세요.,계절별|발렌타인
흰색 안락 의자,이 부드러운 흰색 안락 의자에서 휴식을 취하십시오,가구|의자
그레이 암체어,이 멋진 회색 안락 의자에서 휴식을 취하십시오.,가구|의자
다크 올리브 그린 백팩,이 다크 올리브 그린 백팩은 이번 시즌에 잘 어울립니다.,액세서리|배낭
스웰 브레이슬릿,이 남성용 팔찌는 활기찬 개성을 보여줄 것입니다,보석|팔찌
칵테일 글라스,모든 주방에서 타의 추종을 불허합니다,가정용품|주방
키보드,이 키보드는 아마추어 및 전문 음악가에게 적합합니다.,악기|키
깔끔한 팔찌,이 깔끔한 여성용 팔찌는 시선을 사로잡을 것입니다,보석|팔찌
피싱 릴,사용하기 쉬운 낚시 릴,야외|낚시
블루 힐,여성용 블루 힐 한 켤레,신발|정장
라이트 그레이 액센트 테이블,방을 돋보이게 해주는 힙한 라이트 그레이 액센트 테이블,가구|테이블
크로와상,주방에서 매일 신선하게 만드는 크로와상,식료품|베이커리
새시 스카프,모든 상황에 어울리는 멋진 여성용 스카프,의류|스카프
펑키 벨트,모든 상황에 어울리는 펑키 벨트,액세서리|벨트
탠 백팩,이 황갈색 백팩은 여행에 적합합니다.,액세서리|배낭
게인즈버러 세트 쿠션,이 게인즈버러 세트 쿠션은 집에 꼭 있어야 할 필수품입니다,홈 데코 | 쿠션
장미 어레인지먼트,유기농 농장에서 지속 가능한 방식으로 재배한 장미,플로럴|어레인지먼트
트렌디 화이트 셔츠,트렌디하고 드레시한 남성용 화이트 셔츠,의류|셔츠
테이블 램프,이 테이블 램프는 집 조명에 꼭 필요한 제품입니다.,홈 데코 | 조명
할로윈 데코레이션,10월 초에 꼭 주문하세요,계절별|할로윈
브로콜리,이 풍미 가득한 채소는 모든 식료품 저장실에 꼭 있어야 합니다.,식료품|야채
스쿼시,이 맛있고 다양한 채소를 식료품 저장실에 잘 보관하십시오.,식료품|야채
비디오 카메라,이 비디오 카메라는 특별한 순간을 포착하는 데 적합합니다.,전자제품|카메라
목재 드레서,이 타의 추종을 불허하는 옷장에는 모든 물건을 정리할 수 있는 두 개의 서랍이 있습니다.,가구|옷장
블랙 작업대,사무실에 적합한 검은색 작업대,가구|테이블
브라운 가죽 소파,이 크고 아름다운 갈색 가죽 소파를 즐기십시오.,가구|소파
세라믹 꽃병,이 세라믹 꽃병은 모두를 기쁘게 할 것입니다.,가정 장식 | 장식
면도기,모든 욕실에 사용할 수 있는 면도기,뷰티|그루밍
크리스마스 캔디,연말연시 머스트해브 아이템,계절|크리스마스
그레이 액센트 테이블,방을 돋보이게 하는 엣지 그레이 액센트 테이블,가구|테이블
브라운 슈즈,남성용 갈색 정장 신발 한 켤레,신발|정장
발렌타인 인형 테디베어,특별한 날을 위한 머스트해브 아이템,계절별|발렌타인
다크 새먼 핸드백,드레시한 날을 위한 다크 새먼 핸드백,액세서리|핸드백
시금치,이 맛있는 채소는 모든 식료품 저장실에 꼭 있어야 할 필수품입니다.,식료품|야채
어쿠스틱 드럼,이 어쿠스틱 드럼은 아마추어 및 전문 뮤지션에게 적합합니다.,악기|타악기
트렌디 샌들,트렌디한 여성용 샌들,신발|샌들
다크 카키 작업대,타의 추종을 불허하는 다크 카키색 작업대로 생산성을 높이세요,가구|테이블
다크 슬레이트 그레이 스니커즈,다재다능하고 대담한 다크 슬레이트 그레이 스니커즈,신발|스니커즈
스완키 스카프,어떤 상황에도 잘 어울리는 멋진 여성용 스카프,의류|스카프
다크 골든로드 암체어,어떤 방에도 잘 어울리는 멋진 다크 골든로드 암체어,가구|의자
할로윈 조명,모두에게 사랑받는 기발한 날을 위한 머스트 해브 아이템,계절별|할로윈
슬레이트 그레이 소파,이 부드러운 슬레이트 그레이 소파를 즐기세요,가구|소파
버터 나이프,주방에 꼭 필요한 아이템,가정용품|주방
부활절 장식용 달걀,4월의 머스트해브 아이템,계절|부활절
베이킹 디쉬,주방에 꼭 필요한 아이템,가정용품|주방
쿨 벨트,이 멋진 여성용 벨트는 모든 상황에 적합합니다.,액세서리|벨트
튤립 어레인지,유기농 농장에서 지속 가능한 방식으로 재배한 튤립,플로럴|어레인지먼트
등나무 바구니,이 등나무 바구니는 모두를 기쁘게 할 것입니다,가정 장식 | 장식
심벌,이 심벌즈는 가장 까다로운 뮤지션을 기쁘게 할 것입니다.,악기|타악기
할로윈 데코레이션,10월 초에 꼭 주문하세요,계절별|할로윈
화이트 플레이트,주방에 꼭 필요한 아이템,가정용품|주방
가뭄에 강한 실내 식물,유기농 농장에서 지속 가능한 방식으로 재배되는 가뭄에 강한 실내 식물,꽃|식물
세라믹 꽃병,이 세라믹 꽃병은 홈 데코를 위한 머스트해브 아이템입니다.,가정 장식 | 장식
트리플 초콜릿 케이크,이 맛있는 트리플 초콜릿 케이크는 모두를 기쁘게 할 것입니다,식료품|베이커리
크리스마스 피규어,연말연시 머스트해브 아이템,계절|크리스마스
블랙 슈즈,남성용 블랙 포멀 슈즈 한 켤레,신발|정장
업라이트 피아노,이 업라이트 피아노는 아마추어 및 전문 음악가에게 적합합니다.,악기|키
화이트 오피스 체어,사무실에 적합한 흰색 의자,가구|의자
카메라,이 카메라는 특별한 순간을 포착하기에 안성맞춤입니다.,전자제품|카메라
어쿠스틱 기타,이 어쿠스틱 기타는 가장 까다로운 뮤지션을 기쁘게 할 것입니다.,악기 | 현악기
컵케이크,주방에서 매일 신선하게 만드는 컵케이크,식료품|베이커리
어쿠스틱 드럼,이 어쿠스틱 드럼은 아마추어 및 전문 뮤지션에게 적합합니다.,악기|타악기
탠 슈즈,남성용 황갈색 정장 신발 한 켤레,신발|정장
크리스마스 오너먼트,연말연시 머스트해브 아이템,계절|크리스마스
로지-브라운 렉탱귤러 쿠션,이 장밋빛 갈색 직사각형 쿠션은 아주 멋집니다.,홈 데코 | 쿠션
위커 바스켓,이 위커 바구니는 모두를 기쁘게 할 것입니다.,가정 장식 | 장식
블랙 스니커즈,다재다능한 모험심 블랙 스니커즈,신발|스니커즈
가죽 안락 의자,어떤 방에도 어울리는 모디쉬 가죽 안락의자,가구|의자
비디오 카메라,이 비디오 카메라는 특별한 순간을 포착하는 데 적합합니다.,전자제품|카메라
소고기,우리의 쇠고기는 유기농이며 지속 가능한 방식으로 사육됩니다.,식료품|고기
모디쉬 샌들,이 세련된 여성용 샌들은 여름에 딱 맞습니다.,신발|샌들
드럼 세트,이 드럼 세트는 아마추어 및 전문 뮤지션에게 적합합니다.,악기|타악기
다크 슬레이트 그레이 재킷,이 남성용 다크 슬레이트 그레이 재킷은 사무실에 딱 맞습니다.,의류|재킷
댄디시 브레이슬릿,이 남성용 팔찌는 활기찬 개성을 보여줄 것입니다,보석|팔찌
장미 어레인지먼트,재배자들이 신선하고 생동감 넘치는 장미 어레인지먼트를 제공합니다.,플로럴|어레인지먼트
찻주전자,주방에 꼭 필요한 아이템,가정용품|주방
라이트 그레이 작업대,사무실에 잘 어울리는 밝은 회색 작업대,가구|테이블
쿠션 세트,이 쿠션 세트는 매우 스타일리시합니다.,홈 데코 | 쿠션
등나무 바구니,이 라탄 바구니는 홈 데코를 위한 머스트해브 아이템입니다.,가정 장식 | 장식
드럼 세트,이 드럼 세트는 아마추어 및 전문 뮤지션에게 적합합니다.,악기|타악기
세련된 세라믹 볼,어떤 상황에도 어울리는 스타일리시한 세라믹 그릇,가정용품|그릇
냄비 세트,모든 주방에 꼭 맞는 제품,가정용품|주방
다크 슬레이트 그레이 안락 의자,어떤 방에도 잘 어울리는 엣지 있는 다크 슬레이트 그레이 암체어,가구|의자
라이트 그레이 소파,이 멋진 밝은 회색 소파는 모든 방의 하이라이트가 될 것입니다.,가구|소파
맥주 글래스,주방에 꼭 필요한 아이템,가정용품|주방
다크 슬레이트 그레이 소파,이 멋진 다크 슬레이트 그레이 소파를 즐기세요,가구|소파
페일 그레이 스퀘어 쿠션,이 옅은 회색 사각형 쿠션은 매우 부드럽습니다.,홈 데코 | 쿠션
스웰 벨트,여성용 스웰 벨트,액세서리|벨트
디피니티브 피싱 릴,모든 낚싯대를 위한 최고의 낚시 릴,야외|낚시
스피피 벨트,여성용 스피피 벨트,액세서리|벨트
돼지고기,우리 돼지고기는 농부들이 지속 가능한 방식으로 사육합니다.,식료품|고기
멋진 안경,여성용 멋진 안경,액세서리|안경
소고기,우리의 쇠고기는 농부들에 의해 지속 가능한 방식으로 사육됩니다.,식료품|고기
부활절 초콜릿 에그,4월의 머스트해브 아이템,계절|부활절
4-피스 메이크업 브러쉬 세트,유일한 방법은 피부에 메이크업을 하는 것입니다.,뷰티|그루밍
고급스러운 세라믹 볼,모든 상황에 어울리는 고급스러운 세라믹 그릇,가정용품|그릇
크리스마스 조명,휴일에 가장 좋아하는 것,계절|크리스마스
화이트 드레서,두 개의 서랍이 달린 타의 추종을 불허하는 흰색 옷장은 필수품입니다,가구|옷장
다크 슬레이트 그레이 체어,이 부드러운 다크 슬레이트 그레이 다이닝 체어를 즐기세요,가구|의자
라이트 스틸 블루 셔츠,라이트 스틸 블루 남성 캐주얼 셔츠,의류|셔츠
레몬 케이크,이 맛있는 레몬 케이크는 모두를 기쁘게 할 것입니다,식료품|베이커리
가뭄에 강한 실내 식물,재배자들이 신선하고 활기차게 배송한 가뭄에 강한 실내 식물,꽃|식물
할로윈 펌킨,모두에게 사랑받는 기발한 날을 위한 머스트 해브 아이템,계절별|할로윈
눈부신 세라믹 볼,이 눈부신 세라믹 그릇은 필수품입니다,가정용품|그릇
로지 브라운 재킷,남성용 따뜻한 캐주얼 재킷,의류|재킷
실란트로,이 맛있고 다양한 채소를 식료품 저장실에 잘 보관하십시오.,식료품|야채
새들 브라운 슈즈,남성용 새들 브라운 포멀 슈즈 한 켤레,신발|정장
발렌타인 초콜릿,특별한 날을 위해 일찍 주문하세요.,계절별|발렌타인
크리스마스 머그,휴일에 가장 좋아하는 것,계절|크리스마스
발렌타인 데코레이션,특별한 날을 위해 일찍 주문하세요.,계절별|발렌타인
그랜드 피아노,이 그랜드 피아노는 가장 까다로운 음악가를 기쁘게 할 것입니다.,악기|키
프레임,이 프레임은 모두를 기쁘게 할 것입니다.,가정 장식 | 장식
그루비 안경,이 멋진 남성용 안경은 훌륭합니다,액세서리|안경
행잉 램프,이 벽걸이 램프는 집 조명에 꼭 필요한 제품입니다.,홈 데코 | 조명
세련된 세라믹 보울,이 세련된 세라믹 그릇은 필수품입니다,가정용품|그릇
등나무 바구니,이 등나무 바구니는 모두를 기쁘게 할 것입니다,가정 장식 | 장식
세라믹 꽃병,이 세라믹 꽃병은 모두를 기쁘게 할 것입니다.,가정 장식 | 장식
트렌디 스카프,모든 상황에 어울리는 트렌디한 여성용 스카프,의류|스카프
세련된 브레이슬릿,시선을 사로잡는 세련된 여성용 팔찌입니다.,보석|팔찌
페일 그레이 백팩,이 옅은 회색 남성용 백팩은 장거리 여행에 탁월한 제품입니다.,액세서리|배낭
슈퍼쿨 샌들,이 멋진 여성용 샌들은 여름에 딱 맞습니다.,신발|샌들
그루비 안경,이 멋진 여성용 안경은 어디에나 완벽합니다,액세서리|안경
매력적인 팔찌,어떤 손목에도 잘 어울리는 매력적인 여성용 팔찌,보석|팔찌
블랙 슈즈,여성용 블랙 포멀 슈즈 한 켤레,신발|정장
브라운 슈즈,남성용 갈색 정장 신발 한 켤레,신발|정장
양상추,이 맛있는 채소는 모든 식료품 저장실에 꼭 있어야 할 필수품입니다.,식료품|야채
장미 어레인지먼트,유기농 농장에서 지속 가능한 방식으로 재배한 장미,플로럴|어레인지먼트
등나무 바구니,이 라탄 바구니는 홈 데코를 위한 머스트해브 아이템입니다.,가정 장식 | 장식
블랙 힐,여성용 블랙 힐 한 켤레,신발|정장
페일 그레이 소파,어떤 방에도 잘 어울리는 멋진 옅은 회색 소파,가구|소파
가죽 핸드백,매일 사용할 수 있는 가죽 핸드백,액세서리|핸드백
위커 바스켓,이 위커 바구니는 홈 데코를 위한 머스트해브 아이템입니다.,가정 장식 | 장식
발렌타인 인형 테디베어,특별한 날을 위해 일찍 주문하세요.,계절별|발렌타인
옐로우 스퀘어 쿠션,이 노란색 사각형 쿠션은 집에 꼭 있어야 할 필수품입니다.,홈 데코 | 쿠션
시에나 암체어,어떤 방에도 잘 어울리는 멋진 시에나 암체어,가구|의자
칫솔,매일 사용할 수 있는 부드러운 칫솔,뷰티|그루밍
라이트 그레이 핸드백,모든 의상에 잘 어울리는 라이트 그레이 핸드백,액세서리|핸드백
양배추,이 맛있고 다양한 채소를 식료품 저장실에 잘 보관하십시오.,식료품|야채
라이트 브라운 작업대,비교할 수 없는 이 작업대로 생산성을 높이세요,가구|테이블
백합 어레인지먼트,우리 재배자들이 신선하고 활기차게 배달한 백합 어레인지먼트,플로럴|어레인지먼트
칵테일 글라스,모든 주방과 비교할 수 없습니다,가정용품|주방
실내 식물,유기농 농장에서 지속 가능한 방식으로 재배한 실내 식물,꽃|식물
일렉트릭 기타,이 일렉트릭 기타는 아마추어 및 전문 뮤지션에게 적합합니다.,악기 | 현악기
콜리플라워,이 맛있는 채소는 모든 식료품 저장실에 꼭 있어야 할 필수품입니다.,식료품|야채
페일 그린 티,남성용 페일 그린 티,의류|셔츠
풀프루프 낚시 미끼,모든 낚시꾼을 위한 완벽한 낚시 미끼,야외|낚시
플로랄 디자인 플레이트,주방에 꼭 필요한 아이템,가정용품|주방
팬시 세라믹 볼,모든 상황에 어울리는 멋진 세라믹 그릇,가정용품|그릇
크리스마스 피규어,휴일에 가장 좋아하는 것,계절|크리스마스
크리스마스 오너먼트,연말연시 머스트해브 아이템,계절|크리스마스
프레임,이 프레임은 모두를 기쁘게 할 것입니다.,가정 장식 | 장식
비디오 카메라,아마추어 및 전문가용 비디오 카메라,전자제품|카메라
멋진 안경,이 멋진 여성용 안경은 어디에나 완벽합니다,액세서리|안경
주전자,모든 주방에서 타의 추종을 불허합니다,가정용품|주방
멋진 안경,여성용 멋진 안경,액세서리|안경
다크 그레이 스퀘어 쿠션,이 다크 그레이 스퀘어 쿠션은 집에 꼭 있어야 할 필수 아이템입니다.,홈 데코 | 쿠션
와인 글래스,모든 주방에 적합,가정용품|주방
블랙 재킷,남성용 따뜻한 캐주얼 재킷,의류|재킷
크리스마스 피규어,연말연시 머스트해브 아이템,계절|크리스마스
댄디시 브레이슬릿,남성용 댄디시 브레이슬릿,보석|팔찌
칫솔,이 편리한 칫솔로 매 식사 후 양치질하세요,뷰티|그루밍
비디오 카메라,이 비디오 카메라는 특별한 순간을 포착하는 데 적합합니다.,전자제품|카메라
스웰 벨트,이 여성용 스웰 벨트는 모든 상황에 적합합니다.,액세서리|벨트
화이트 플레이트,주방에 꼭 필요한 아이템,가정용품|주방
토마토,이 풍미가 풍부하고 다양한 채소를 식료품 저장실에 잘 보관하십시오.,식료품|야채
일렉트릭 기타,이 일렉트릭 기타는 아마추어 및 전문 뮤지션에게 적합합니다.,악기 | 현악기
다크 슬레이트 그레이 재킷,단열이 잘 되는 남성용 캐주얼 재킷,의류|재킷
트러스티 피싱 루어,이 믿을 수 있는 낚시 미끼를 가지고 가세요,야외|낚시
새들 브라운 코트,남성용 산악용 따뜻한 겨울 캐주얼 코트,의류|재킷
시에나 액센트 테이블,이 멋진 시에나 액센트 테이블은 어떤 방에도 잘 어울립니다.,가구|테이블
실내 식물,재배자로부터 신선하고 활기찬 실내 식물을 제공합니다.,꽃|식물
윈터 구스 재킷,겨울용 남성용 단열 재킷,의류|재킷
게인즈버러 셔츠,최고급 게인즈버러 여성용 드레시 셔츠,의류|셔츠
핑크 백팩,여성용 핑크 백팩,액세서리|배낭
다크 슬레이트 그레이 백팩,다크 슬레이트 그레이 백팩은 여행에 실용적입니다.,액세서리|배낭
일렉트릭 베이스,이 일렉트릭 베이스는 가장 까다로운 뮤지션을 기쁘게 할 것입니다.,악기 | 현악기
커피 메이커,모든 주방에서 타의 추종을 불허합니다,가정용품|주방
스파클리 힐,반짝이는 여성용 포멀 힐 한 켤레,신발|정장
스웰 글래스,남성용 스웰 안경,액세서리|안경
세라믹 꽃병,이 세라믹 꽃병은 홈 데코를 위한 머스트해브 아이템입니다.,가정 장식 | 장식
주전자,주방에 꼭 필요한 아이템,가정용품|주방
위커 바스켓,이 위커 바구니는 홈 데코를 위한 머스트해브 아이템입니다.,가정 장식 | 장식
맥주 글래스,주방에 꼭 필요한 아이템,가정용품|주방
실내 식물,유기농 농장에서 지속 가능한 방식으로 재배한 실내 식물,꽃|식물
발렌타인 캔디,특별한 날을 위해 일찍 주문하세요.,계절별|발렌타인
나무 커피 테이블,하루를 활기차게 만들어줄 멋진 나무 커피 테이블,가구|테이블
와인 글래스,모든 주방에 적합,가정용품|주방
크리스마스 오너먼트,연말연시 머스트해브 아이템,계절|크리스마스
찻주전자,주방에 꼭 필요한 아이템,가정용품|주방
타의 추종을 불허하는 낚시 릴,모든 낚싯대를 위한 타의 추종을 불허하는 낚시 릴,야외|낚시
파슬리,이 맛있고 다양한 채소를 식료품 저장실에 잘 보관하십시오.,식료품|야채
다크 블루 라운드 쿠션,이 진한 파란색 원형 쿠션은 매우 스타일리시합니다.,홈 데코 | 쿠션
부활절 장식용 달걀,4월의 머스트해브 아이템,계절|부활절
크리스마스 장식,휴일에 가장 좋아하는 것,계절|크리스마스
할로윈 스켈레톤,모두에게 사랑받는 기발한 날을 위한 머스트 해브 아이템,계절별|할로윈
발렌타인 데코레이션,특별한 날을 위한 머스트해브 아이템,계절별|발렌타인
크리스마스 리스,연말연시 머스트해브 아이템,계절|크리스마스
냄비,모든 주방에 잘 어울립니다.,가정용품|주방
등나무 바구니,이 라탄 바구니는 홈 데코를 위한 머스트해브 아이템입니다.,가정 장식 | 장식
틸 백팩,청록색 백팩은 여행에 편리합니다.,액세서리|배낭
완벽한 쿠션,"손님은 “쿠션이 필요해”라고 말할 것입니다.“저기, 네가 앉아 있는 곳이 어디야!” 라고 말할 것입니다.최고의 날이에요.",홈 데코 | 쿠션
플로리스 브레이슬릿,어떤 상황에도 어울리는 완벽한 여성용 팔찌,보석|팔찌
유리 꽃병,이 유리 꽃병은 모두를 기쁘게 할 것입니다,가정 장식 | 장식
와인 글래스,모든 주방에 꼭 맞는 제품,가정용품|주방
데님 스니커즈,다재다능한 대담한 데님 스니커즈,신발|스니커즈
사랑스러운 도자기 그릇,이 사랑스러운 도자기 그릇은 필수품입니다,가정용품|그릇
다크 그레이 작업대,사무실을 위한 타의 추종을 불허하는 짙은 회색 작업대,가구|테이블
바이올린,이 바이올린은 가장 까다로운 음악가를 기쁘게 할 것입니다.,악기 | 현악기
탠 슈즈,여성용 황갈색 정장 신발 한 켤레,신발|정장
탠 핸드백,이 그루비 탠 핸드백은 야외에서 캐주얼하게 돌아다니기에 완벽한 액세서리입니다.,액세서리|핸드백
비디오 카메라,이 비디오 카메라는 특별한 순간을 포착하는 데 적합합니다.,전자제품|카메라
화이트 플레이트,주방에 꼭 필요한 아이템,가정용품|주방
부활절 장식,4월 초순에 가장 인기 있는 메뉴,계절|부활절
스웰 글래스,이 남성용 스웰 안경은 비교할 수 없습니다,액세서리|안경
에브리데이 글래스,모든 주방에서 타의 추종을 불허합니다,가정용품|주방
라이트 그레이 핸드백,모든 의상에 잘 어울리는 라이트 그레이 핸드백,액세서리|핸드백
블랙 가죽 재킷,남성용 멋진 올 시즌 캐주얼 재킷,의류|재킷
크리스마스 피규어,휴일에 가장 좋아하는 것,계절|크리스마스
비디오 카메라,아마추어 및 전문가용 비디오 카메라,전자제품|카메라
그레이 소파,어떤 방에도 어울리는 타의 추종을 불허하는 회색 소파,가구|소파
퍼플 백팩,이 여성용 보라색 백팩은 시즌 내내 흠 잡을 데가 없습니다.,액세서리|배낭
라이트 그레이 스퀘어 쿠션,이 밝은 회색 사각형 쿠션은 집에 꼭 있어야 할 필수품입니다.,홈 데코 | 쿠션
블랙 백팩,블랙 백팩은 여행에 편리합니다,액세서리|배낭
주전자,주방에 꼭 필요한 아이템,가정용품|주방
토마토 레드 핸드백,드레시한 날을 위한 토마토 레드 핸드백,액세서리|핸드백
다크 레드 재킷,남성용 다크 레드 자켓 어바웃 타운,의류|재킷
플랫폼 힐,여성용 플랫폼 포멀 힐 한 켤레,신발|정장
다크 카키 셔츠,남성 다크 카키 캐주얼 셔츠,의류|셔츠
유리 꽃병,이 유리 꽃병은 모두를 기쁘게 할 것입니다,가정 장식 | 장식
풍선 보트,낚시용 풍선 보트,야외|낚시
풀프루프 낚시 미끼,이 완벽한 낚시 미끼를 가지고 다니세요,야외|낚시
슈퍼쿨 샌들,슈퍼쿨 남성용 샌들,신발|샌들
포테이토,이 맛있는 채소는 모든 식료품 저장실에 꼭 있어야 합니다.,식료품|야채
블랙 셔츠,여성용 새시 블랙 캐주얼 셔츠,의류|셔츠
매력적인 우드 보울,모든 상황에 어울리는 매력적인 나무 그릇,가정용품|그릇
페일 그레이 셔츠,페일 그레이 남성 캐주얼 셔츠,의류|셔츠
프레임,이 액자는 홈 데코를 위한 머스트해브 아이템입니다.,가정 장식 | 장식
스파클리 힐,여성용 스파클리 힐 한 켤레,신발|정장
테이블 램프,이 테이블 램프는 집을 더욱 돋보이게 할 것입니다.,홈 데코 | 조명
뛰어난 낚시 릴,모든 낚싯대를 위한 뛰어난 낚시 릴,야외|낚시
페루-오렌지 암체어,이 멋진 페루 오렌지 안락 의자에서 휴식을 취하십시오.,가구|의자
로지 브라운 소파,이 풍부한 장밋빛 갈색 소파는 모든 방의 하이라이트가 될 것입니다.,가구|소파
할로윈 스켈레톤,10월 초에 꼭 주문하세요,계절별|할로윈
할로윈 사인,10월 초에 꼭 주문하세요,계절별|할로윈
그랜드 피아노,이 그랜드 피아노는 아마추어 및 전문 음악가에게 적합합니다.,악기|키
다크 올리브 그린 코트,겨울용 남성용 단열 캐주얼 코트,의류|재킷
펑키 안경,이 펑키한 남성용 안경은 이상적입니다.,액세서리|안경
스트레이너,주방에 꼭 필요한 아이템,가정용품|주방
블랙 오피스 체어,사무실에 어울리는 비교할 수 없는 검은색 의자,가구|의자
로지 브라운 소파,이 호화로운 장미빛 갈색 소파는 모든 방의 하이라이트가 될 것입니다.,가구|소파
벌리우드 작업대,이상적인 벌리우드 작업대로 생산성을 높이세요,가구|테이블
옐로우 암체어,이 멋진 노란색 안락 의자에서 휴식을 취하십시오,가구|의자
가뭄에 강한 실내 식물,재배자들이 신선하고 활기차게 배송한 가뭄에 강한 실내 식물,꽃|식물
댄디시 스카프,남성용 댄디시 스카프,의류|스카프
로지 브라운 슈즈,로시 브라운 포멀 슈즈 남성용 한 켤레,신발|정장
체크 셔츠,남성 체크 셔츠,의류|셔츠
패셔너블 안경,이 세련된 남성용 안경은 타의 추종을 불허합니다,액세서리|안경
카네이션 어레인지,유기농 농장에서 지속 가능한 방식으로 재배한 카네이션 어레인지먼트,플로럴|어레인지먼트
심벌,이 심벌즈는 가장 까다로운 뮤지션을 기쁘게 할 것입니다.,악기|타악기
브레드,주방에서 매일 신선하게 만드는 빵,식료품|베이커리
브레드,주방에서 매일 신선하게 만드는 빵,식료품|베이커리
유리 꽃병,이 유리 꽃병은 모두를 기쁘게 할 것입니다,가정 장식 | 장식
엣지 글래스,여성용 엣지 안경,액세서리|안경
블랙 백팩,이 여성용 블랙 백팩은 이번 시즌 최고의 제품입니다.,액세서리|배낭
일렉트릭 기타,이 일렉트릭 기타는 아마추어 및 전문 뮤지션에게 적합합니다.,악기 | 현악기
가뭄에 강한 실내 식물,유기농 농장에서 지속 가능한 방식으로 재배되는 가뭄에 강한 실내 식물,꽃|식물
할로윈 스켈레톤,모두에게 사랑받는 기발한 날을 위한 머스트 해브 아이템,계절별|할로윈
발렌타인 데코레이션,특별한 날을 위한 머스트해브 아이템,계절별|발렌타인
멋진 안경,멋진 남성용 안경,액세서리|안경
일렉트릭 기타,이 일렉트릭 기타는 아마추어 및 전문 뮤지션에게 적합합니다.,악기 | 현악기
믹스 어레인지,재배자들이 신선하고 생동감 있게 만든 다양한 어레인지를 제공합니다.,플로럴|어레인지먼트
라이트 그레이 셔츠,비할 데 없는 라이트 그레이 드레시 여성용 셔츠,의류|셔츠
울트라쿨 안경,남성용 울트라 쿨 안경,액세서리|안경
테이퍼 캔들,이 테이퍼 캔들은 집을 더욱 돋보이게 할 것입니다.,홈 데코 | 조명
블랙 코트,보온성이 좋은 남성용 등산용 겨울 캐주얼 코트,의류|재킷
어쿠스틱 기타,이 어쿠스틱 기타는 가장 까다로운 뮤지션을 기쁘게 할 것입니다.,악기 | 현악기
조리기구,주방에 꼭 필요한 아이템,가정용품|주방
네이비 블루 재킷,사계절 입을 수 있는 여성용 따뜻한 캐주얼 재킷,의류|재킷
크리스마스 피규어,연말연시 머스트해브 아이템,계절|크리스마스
크리스마스 리스,휴일에 가장 좋아하는 것,계절|크리스마스
유니콘 백팩,여성용 유니콘 백팩,액세서리|배낭
키보드,이 키보드는 가장 까다로운 음악가를 기쁘게 할 것입니다,악기|키
패셔너블 안경,이 세련된 여성용 안경은 어디에나 완벽합니다.,액세서리|안경
냄비,모든 주방에 적합,가정용품|주방
다크 슬레이트 그레이 재킷,여성용 따뜻한 캐주얼 재킷,의류|재킷
라벤더 슈즈,여성용 라벤더 포멀 슈즈 한 켤레,신발|정장
크리스마스 오너먼트,연말연시 머스트해브 아이템,계절|크리스마스
라이트 코랄 핸드백,모든 의상에 잘 어울리는 라이트 코랄 핸드백,액세서리|핸드백
프레임,이 액자는 홈 데코를 위한 머스트해브 아이템입니다.,가정 장식 | 장식
카데트 블루 소파,이 호화로운 생도 블루 소파는 모든 방의 하이라이트가 될 것입니다.,가구|소파
화이트 드레서,이 비교할 수 없는 옷장에는 모든 물건을 정리할 수 있는 많은 서랍이 있습니다.,가구|옷장
레드 슈즈,여성용 빨간색 정장 신발 한 켤레,신발|정장
부활절 캔디,4월 초순에 가장 인기 있는 메뉴,계절|부활절
블랙 슈즈,여성용 블랙 포멀 슈즈 한 켤레,신발|정장
다크 블루 슈즈,새로운 도시에서 산책 시 착용할 멋진 다크 블루 슈즈,신발|스니커즈
크리스마스 리스,휴일에 가장 좋아하는 것,계절|크리스마스
블랙 재킷,남성용 블랙 자켓 어바웃 타운,의류|재킷
블랙 셔츠,여성용 멋진 블랙 캐주얼 셔츠,의류|셔츠
할로윈 사인,10월 초에 꼭 주문하세요,계절별|할로윈
스트로베리 초콜릿 케이크,이 맛있는 딸기 초콜릿 케이크는 모두를 기쁘게 할 것입니다.,식료품|베이커리
유리 꽃병,이 유리 꽃병은 모두를 기쁘게 할 것입니다,가정 장식 | 장식
화이트 플레이트,모든 주방에 잘 어울립니다.,가정용품|주방
쿠키,주방에서 매일 신선하게 만드는 쿠키,식료품|베이커리
일렉트릭 기타,이 일렉트릭 기타는 가장 까다로운 뮤지션을 기쁘게 할 것입니다.,악기 | 현악기
셰프 나이프,모든 주방과 비교할 수 없습니다,가정용품|주방
흰색 작업대,이 완벽한 흰색 작업대로 생산성을 높이십시오.,가구|테이블
크리스마스 리스,휴일에 가장 좋아하는 것,계절|크리스마스
스웰 브레이슬릿,이 남성용 팔찌는 단연 돋보이는 개성을 보여줄 것입니다.,보석|팔찌
가뭄에 강한 실내 식물,유기농 농장에서 지속 가능한 방식으로 재배되는 가뭄에 강한 실내 식물,꽃|식물
컵케이크,주방에서 매일 신선하게 만드는 컵케이크,식료품|베이커리
엣지 스카프,어떤 상황에도 잘 어울리는 엣지 있는 여성용 스카프,의류|스카프
카네이션 어레인지,유기농 농장에서 지속 가능한 방식으로 재배한 카네이션 어레인지먼트,플로럴|어레인지먼트
드럼 세트,이 드럼 세트는 가장 까다로운 뮤지션을 기쁘게 할 것입니다.,악기|타악기
흰색 작업대,사무실을 위한 완벽한 흰색 작업대,가구|테이블
크리스마스 오너먼트,휴일에 가장 좋아하는 것,계절|크리스마스
어쿠스틱 드럼,이 어쿠스틱 드럼은 아마추어 및 전문 뮤지션에게 적합합니다.,악기|타악기
양상추,이 맛있고 다양한 채소를 식료품 저장실에 잘 보관하십시오.,식료품|야채
할로윈 피규어,모두에게 사랑받는 기발한 날을 위한 머스트 해브 아이템,계절별|할로윈
소고기,우리의 쇠고기는 농부들에 의해 지속 가능한 방식으로 사육됩니다.,식료품|고기
클래시 브레이슬릿,이 클래식한 여성용 팔찌는 사람들의 시선을 사로잡을 것입니다,보석|팔찌
다크 올리브 그린 직사각형 쿠션,이 짙은 올리브 그린 직사각형 쿠션은 집에 꼭 있어야 할 필수품입니다.,홈 데코 | 쿠션
그레이 드레서,타의 추종을 불허하는 이 옷장에는 모든 물건을 정리할 수 있는 많은 서랍이 있습니다.,가구|옷장
키보드,이 키보드는 가장 까다로운 음악가를 기쁘게 할 것입니다,악기|키
믹스 어레인지,유기농 농장에서 지속 가능한 방식으로 재배한 혼합 어레인지,플로럴|어레인지먼트
부활절 플라스틱 달걀,4월 초순에 가장 인기 있는 메뉴,계절|부활절
흰색 작업대,이 완벽한 흰색 작업대로 생산성을 높이십시오.,가구|테이블
테이퍼 캔들,이 테이퍼 캔들은 집을 더욱 돋보이게 할 것입니다.,홈 데코 | 조명
일렉트릭 기타,이 일렉트릭 기타는 가장 까다로운 뮤지션을 기쁘게 할 것입니다.,악기 | 현악기
부활절 바구니,이 부활절 바구니는 모두를 기쁘게 할 것입니다,가정 장식 | 장식
그레이 스니커즈,이 멋진 회색 스니커즈는 도시 탐험에 안성맞춤입니다.,신발|스니커즈
칵테일 글라스,주방에 꼭 필요한 아이템,가정용품|주방
더치 오븐,모든 주방에 꼭 맞는 제품,가정용품|주방
다크 그레이 오피스 체어,이 멋진 짙은 회색 사무용 의자로 생산성을 높이십시오,가구|의자
벨 페퍼,이 맛있고 다양한 채소를 식료품 저장실에 잘 보관하십시오.,식료품|야채
발렌타인 인형 테디베어,특별한 날을 위해 일찍 주문하세요.,계절별|발렌타인
실내 식물,유기농 농장에서 지속 가능한 방식으로 재배한 실내 식물,꽃|식물
칠리,이 맛있고 다양한 채소를 식료품 저장실에 잘 보관하십시오.,식료품|야채
세련된 메탈 보울,이 세련된 금속 그릇은 필수품입니다.,가정용품|그릇
가뭄에 강한 실내 식물,재배자들이 신선하고 활기차게 배송한 가뭄에 강한 실내 식물,꽃|식물
칠리,이 맛있는 채소는 모든 식료품 저장실에 꼭 있어야 할 필수품입니다.,식료품|야채
스푼,모든 주방에서 타의 추종을 불허합니다,가정용품|주방
새들 브라운 오피스 체어,사무실을 위한 뛰어난 새들 브라운 체어,가구|의자
단아한 안경,이 멋진 남성용 안경은 타의 추종을 불허합니다,액세서리|안경
레드 슈즈,여성용 빨간색 정장 신발 한 켤레,신발|정장
트렌디 화이트 셔츠,트렌디하고 드레시한 남성용 화이트 셔츠,의류|셔츠
회색 작업대,이 뛰어난 회색 작업대로 생산성을 높이십시오.,가구|테이블
레몬 재킷,사계절 내내 입을 수 있는 여성용 단열 재킷,의류|재킷
조리기구,모든 주방에서 타의 추종을 불허합니다,가정용품|주방
쿨 벨트,모든 상황에 어울리는 멋진 벨트,액세서리|벨트
블랙 오피스 체어,사무실에 딱 맞는 검은색 의자,가구|의자
리드 플랫폼 힐,여성용 레드 플랫폼 힐 한 켤레,신발|정장
다크 그레이 안락 의자,이 멋진 짙은 회색 안락 의자에서 휴식을 취하십시오,가구|의자
크리스마스 오너먼트,휴일에 가장 좋아하는 것,계절|크리스마스
크리스마스 조명,휴일에 가장 좋아하는 것,계절|크리스마스
목재 드레서,이 멋진 옷장에는 모든 물건을 정리할 수 있는 두 개의 서랍이 있습니다.,가구|옷장
일렉트릭 기타,이 일렉트릭 기타는 가장 까다로운 뮤지션을 기쁘게 할 것입니다.,악기 | 현악기
옐로우 백팩,남성용 옐로우 백팩,액세서리|배낭
돼지고기,우리 돼지고기는 유기농이며 지속 가능한 방식으로 사육됩니다.,식료품|고기
토마토,이 맛있고 다양한 채소를 식료품 저장실에 잘 보관하십시오.,식료품|야채
와인 글래스,모든 주방에서 타의 추종을 불허합니다,가정용품|주방
서브라임 브레이슬릿,어떤 손목에도 잘 어울리는 우아한 여성용 팔찌,보석|팔찌
스완키 스카프,어떤 상황에도 잘 어울리는 멋진 여성용 스카프,의류|스카프
버섯,이 맛있고 다양한 채소를 식료품 저장실에 잘 보관하십시오.,식료품|야채
일렉트릭 기타,이 일렉트릭 기타는 가장 까다로운 뮤지션을 기쁘게 할 것입니다.,악기 | 현악기
그랜드 피아노,이 그랜드 피아노는 가장 까다로운 음악가를 기쁘게 할 것입니다.,악기|키
트렌디 안경,트렌디한 남성용 안경,액세서리|안경
울트라힙 안경,이 여성용 울트라힙 안경은 어디에나 완벽합니다,액세서리|안경
크리스마스 피규어,연말연시 머스트해브 아이템,계절|크리스마스
칫솔,매일 사용할 수 있는 부드러운 칫솔,뷰티|그루밍
터쿼이즈 드레서,세 개의 서랍이 달린 타의 추종을 불허하는 청록색 옷장은 필수품입니다,가구|옷장
가죽 백팩,남성용 가죽 백팩,액세서리|배낭
우아한 도자기 그릇,이 우아한 세라믹 그릇은 필수품입니다.,가정용품|그릇
그린 재킷,보온성이 좋은 여성용 캐주얼 재킷,의류|재킷
브라운 슈즈,남성용 갈색 정장 신발 한 켤레,신발|정장
면도기,모든 욕실에 사용할 수 있는 면도기,뷰티|그루밍
허니 디퍼,모든 주방과 비교할 수 없습니다,가정용품|주방
부활절 캔디,4월의 머스트해브 아이템,계절|부활절
스피피 글래스,여성용 푹신한 안경,액세서리|안경
그랜드 피아노,이 그랜드 피아노는 가장 까다로운 음악가를 기쁘게 할 것입니다.,악기|키
브러쉬,매일 사용할 수 있는 부드러운 브러시,뷰티|그루밍
항아리 캔들,이 병 캔들은 집 조명에 꼭 필요한 아이템입니다.,홈 데코 | 조명
다크 슬레이트 블루 스니커즈,동네에서 탐험할 수 있는 펑키한 다크 슬레이트 블루 스니커즈,신발|스니커즈
발렌타인 데코레이션,특별한 날을 위한 머스트해브 아이템,계절별|발렌타인
드럼 세트,이 드럼 세트는 가장 까다로운 뮤지션을 기쁘게 할 것입니다.,악기|타악기
다크 슬레이트 그레이 오피스 체어,사무실을 위한 완벽한 다크 슬레이트 그레이 의자,가구|의자
행잉 램프,이 벽걸이 램프는 집을 더욱 돋보이게 할 것입니다,홈 데코 | 조명
라이트 그레이 작업대,사무실에 잘 어울리는 밝은 회색 작업대,가구|테이블
쿨 벨트,모든 상황에 어울리는 멋진 벨트,액세서리|벨트
다크 올리브 그린 백팩,이 여성용 다크 올리브 그린 백팩은 계절에 잘 어울립니다.,액세서리|배낭
보기시 스카프,어떤 상황에도 어울리는 여성용 보귀시 스카프,의류|스카프
나무 액센트 테이블,이 세련된 목재 액센트 테이블은 어떤 방에도 잘 어울립니다.,가구|테이블
할로윈 코스튬,모두에게 사랑받는 기발한 날을 위한 머스트 해브 아이템,계절별|할로윈
블랙 오피스 체어,이 편안한 검은색 사무용 의자로 생산성을 높이세요,가구|의자
발렌타인 박제 판다베어,특별한 날을 위해 일찍 주문하세요.,계절별|발렌타인
블루 씨 티,슈퍼쿨 블루 씨 캐주얼 티셔츠 여성용,의류|셔츠
어쿠스틱 드럼,이 어쿠스틱 드럼은 가장 까다로운 뮤지션을 기쁘게 할 것입니다.,악기|타악기
아웃스탠딩 스카프,여성을 위한 뛰어난 스카프,의류|스카프
맥주 글래스,모든 주방에서 타의 추종을 불허합니다,가정용품|주방
크리스마스 오너먼트,연말연시 머스트해브 아이템,계절|크리스마스
라이트 그레이 암체어,이 편안한 밝은 회색 안락 의자에서 휴식을 취하십시오,가구|의자
클래시 브레이슬릿,이 클래식한 여성용 팔찌는 사람들의 시선을 사로잡을 것입니다,보석|팔찌
시에나 소파,이 고급 시에나 소파는 모든 방의 하이라이트가 될 것입니다.,가구|소파
스파클리 힐,반짝이는 여성용 포멀 힐 한 켤레,신발|정장
바이올린,이 바이올린은 아마추어 및 전문 음악가에게 적합합니다.,악기 | 현악기
가죽 핸드백,어떤 상황에도 잘 어울리는 편리한 핸드백,액세서리|핸드백
크림슨 슈즈,여성용 크림슨 포멀 슈즈 한 켤레,신발|정장
부활절 장식,4월 초순에 가장 인기 있는 메뉴,계절|부활절
멋진 안경,멋진 남성용 안경,액세서리|안경
위커 바스켓,이 위커 바구니는 홈 데코를 위한 머스트해브 아이템입니다.,가정 장식 | 장식
트렌디 백팩,트렌디한 여성용 백팩,액세서리|배낭
도티드 블루 셔츠,남성용 도트 블루 캐주얼 셔츠,의류|셔츠
라이트 슬레이트 그레이 스니커즈,다재다능한 대담한 한 켤레의 라이트 슬레이트 그레이 스니커즈,신발|스니커즈
화이트 다이닝 체어,어떤 식당에도 잘 어울리는 멋진 흰색 의자,가구|의자
벌리우드 작업대,사무실을 위한 완벽한 벌리우드 작업대,가구|테이블
대퍼 스카프,남성용 대퍼 스카프,의류|스카프
웅장한 도자기 그릇,어떤 상황에도 어울리는 멋진 세라믹 그릇,가정용품|그릇
세련된 흰색 셔츠,세련된 남성용 흰색 셔츠,의류|셔츠
세련된 세라믹 볼,이 스타일리시한 세라믹 그릇은 필수품입니다,가정용품|그릇
어쿠스틱 기타,이 어쿠스틱 기타는 아마추어 및 전문 뮤지션에게 적합합니다.,악기 | 현악기
장식용 양초,이 장식용 양초는 집 조명에 꼭 필요한 아이템입니다.,홈 데코 | 조명
카데트 블루 핸드백,이 카데트 블루 컬러의 드레시 핸드백은 타의 추종을 불허합니다,액세서리|핸드백
테이퍼 캔들,이 테이퍼 캔들은 집 조명에 꼭 필요한 아이템입니다.,홈 데코 | 조명
스트라이프 티,여성용 펑키 캐주얼 티셔츠,의류|셔츠
울트라 시크 안경,여성용 울트라 시크 안경,액세서리|안경
어쿠스틱 기타,이 어쿠스틱 기타는 아마추어 및 전문 뮤지션에게 적합합니다.,악기 | 현악기
러스트 레더 백팩,여성용 러스트 가죽 백팩,액세서리|배낭
흰색 작업대,사무실을 위한 타의 추종을 불허하는 흰색 작업대,가구|테이블
실내 식물,재배자로부터 신선하고 활기찬 실내 식물을 제공합니다.,꽃|식물
립 브러쉬,발림의 일관성을 위해 섬세하게 보정된 모발,뷰티|그루밍
화이트 드레서,서랍이 많은 타의 추종을 불허하는 흰색 드레서는 필수품입니다,가구|옷장
단아한 안경,이 멋진 남성용 안경은 타의 추종을 불허합니다.,액세서리|안경
댄디시 화이트 셔츠,댄디시 드레시 남성 화이트 셔츠,의류|셔츠
블랙 윈터 수트,단열이 잘 되는 남성용 겨울 정장,의류|재킷
위커 바스켓,이 위커 바구니는 홈 데코를 위한 머스트해브 아이템입니다.,가정 장식 | 장식
그루비 안경,그루비 남성용 안경,액세서리|안경
새시 스카프,모든 상황에 어울리는 멋진 여성용 스카프,의류|스카프
러스트 레더 핸드백,힙한 러스트 가죽 핸드백은 어디든 캐주얼하게 돌아다닐 수 있는 완벽한 액세서리입니다.,액세서리|핸드백
절묘한 도자기 그릇,모든 상황에 어울리는 정교한 세라믹 그릇,가정용품|그릇
그루비 스카프,그루비 남성용 스카프,의류|스카프
라이트 그레이 스니커즈,다재다능하고 패셔너블한 라이트 그레이 스니커즈,신발|스니커즈
부활절 장식,4월의 머스트해브 아이템,계절|부활절
슈어 파이어 피싱 루어,이 확실한 낚시 미끼를 가지고 다니세요,야외|낚시
바질,이 맛있고 다양한 채소를 식료품 저장실에 잘 보관하십시오.,식료품|야채
가죽 핸드백,드레시한 날을 위한 가죽 핸드백,액세서리|핸드백
브레드 나이프,모든 주방에서 타의 추종을 불허합니다,가정용품|주방
쿨 스카프,멋진 남성용 스카프,의류|스카프
베이글,주방에서 매일 신선하게 만드는 베이글,식료품|베이커리
다크 슬레이트 그레이 재킷,도시 곳곳에서 입을 수 있는 멋진 남성용 캐주얼 재킷,의류|재킷
크리스마스 오너먼트,휴일에 가장 좋아하는 것,계절|크리스마스
다크 그레이 핸드백,이 캐주얼한 다크 그레이 핸드백은 어디에나 잘 어울립니다.,액세서리|핸드백
도너츠,주방에서 매일 신선하게 만드는 도너츠,식료품|베이커리
카메라,이 카메라는 특별한 순간을 포착하기에 안성맞춤입니다.,전자제품|카메라
벨 페퍼,이 맛있는 채소는 모든 식료품 저장실에 꼭 있어야 할 필수품입니다.,식료품|야채
심벌,이 심벌즈는 아마추어 및 프로 뮤지션에게 안성맞춤입니다.,악기|타악기
울트라시크 샌들,이 극도로 세련된 여성용 샌들은 여름에 안성맞춤입니다.,신발|샌들
크리스마스 오너먼트,연말연시 머스트해브 아이템,계절|크리스마스
라이트 스틸 블루 스퀘어 쿠션,이 라이트 스틸 블루 스퀘어 쿠션은 집에 꼭 있어야 할 필수 아이템입니다.,홈 데코 | 쿠션
가위,주방에 꼭 필요한 아이템,가정용품|주방
트렌디 안경,이 트렌디한 남성용 안경은 타의 추종을 불허합니다.,액세서리|안경
세련된 세라믹 보울,이 세련된 세라믹 그릇은 필수품입니다,가정용품|그릇
에브리데이 글래스,주방에 꼭 필요한 아이템,가정용품|주방
블루 그린 셔츠,남성용 블루 그린 셔츠,의류|셔츠
비디오 카메라,이 비디오 카메라는 특별한 순간을 포착하는 데 적합합니다.,전자제품|카메라
세련된 브레이슬릿,시선을 사로잡는 세련된 여성용 팔찌입니다.,보석|팔찌
찻주전자,주방에 꼭 필요한 아이템,가정용품|주방
등나무 바구니,이 등나무 바구니는 모두를 기쁘게 할 것입니다,가정 장식 | 장식
탠 스퀘어 쿠션,이 황갈색 사각 쿠션은 매우 부드럽습니다.,홈 데코 | 쿠션
그랜드 피아노,이 그랜드 피아노는 아마추어 및 전문 음악가에게 적합합니다.,악기|키
아이 케어 세트 - 스파클 글로스 아이 앤 래쉬,당신의 눈은 눈부시게 빛나고 빛나며 거품이 튀어나올 것입니다.,뷰티|그루밍
레인 재킷,단열이 잘 되는 여성용 레인 재킷,의류|재킷
새들 브라운 슈즈,남성용 새들 브라운 포멀 슈즈 한 켤레,신발|정장
로지 브라운 드레서,이 타의 추종을 불허하는 옷장에는 모든 물건을 정리할 수 있는 서랍이 하나 있습니다.,가구|옷장
아름다운 팔찌,어떤 손목에도 잘 어울리는 아름다운 여성용 팔찌,보석|팔찌
풀프루프 낚시 릴,완벽하고 사용하기 쉬운 낚시 릴,야외|낚시
부활절 장식,4월의 머스트해브 아이템,계절|부활절
가뭄에 강한 실내 식물,재배자들이 신선하고 활기차게 배송한 가뭄에 강한 실내 식물,꽃|식물
그레이 세트 쿠션,이 회색 세트 쿠션은 집에 꼭 있어야 할 필수품입니다.,홈 데코 | 쿠션
카메라,이 카메라는 특별한 순간을 포착하기에 안성맞춤입니다.,전자제품|카메라
드럼 세트,이 드럼 세트는 아마추어 및 전문 뮤지션에게 적합합니다.,악기|타악기
카메라,이 카메라는 특별한 순간을 포착하기에 안성맞춤입니다.,전자제품|카메라
크리스마스 캔디,휴일에 가장 좋아하는 것,계절|크리스마스
그레이 핸드백,이 회색 핸드백은 멋진 멋진 동반자입니다.,액세서리|핸드백
흰색 안락 의자,이 편안한 흰색 안락 의자에서 휴식을 취하십시오,가구|의자
주전자,주방에 꼭 필요한 아이템,가정용품|주방
실내 식물,유기농 농장에서 지속 가능한 방식으로 재배한 실내 식물,꽃|식물
울트라힙 안경,여성용 울트라힙 안경,액세서리|안경
베이글,주방에서 매일 신선하게 만드는 베이글,식료품|베이커리
스푼,모든 주방에서 타의 추종을 불허합니다,가정용품|주방
새들 브라운 드레서,이 멋진 옷장에는 모든 물건을 정리할 수 있는 많은 서랍이 있습니다.,가구|옷장
장미 어레인지먼트,유기농 농장에서 지속 가능한 방식으로 재배한 장미,플로럴|어레인지먼트
블루 쿠션 세트,이 블루 쿠션 세트는 매우 트렌디합니다,홈 데코 | 쿠션
게인즈버러 암체어,어떤 방에도 잘 어울리는 멋진 게인즈버러 암체어,가구|의자
아보카도,이 풍미 가득한 채소는 모든 식료품 저장실에 꼭 있어야 합니다.,식료품|야채
탠 액센트 테이블,방을 돋보이게 하는 펑키 탠 액센트 테이블,가구|테이블
화이트 다이닝 테이블,온 가족을 위한 타의 추종을 불허하는 화이트 다이닝 룸,가구|테이블
부활절 플라스틱 달걀,4월의 머스트해브 아이템,계절|부활절
데님 블루 재킷,남성 올 시즌 캐주얼 재킷,의류|재킷
행잉 램프,이 벽걸이 램프는 집을 더욱 돋보이게 할 것입니다,홈 데코 | 조명
산스 파레일 스카프,여성용 산스 파레일 스카프,의류|스카프
할로윈 코스튬,10월 초에 꼭 주문하세요,계절별|할로윈
소고기,우리의 쇠고기는 유기농이며 지속 가능한 방식으로 사육됩니다.,식료품|고기
다크 슬레이트 그레이 세트 쿠션,이 다크 슬레이트 그레이 세트 쿠션은 집에 꼭 있어야 할 필수품입니다.,홈 데코 | 쿠션
부활절 플라스틱 달걀,4월의 머스트해브 아이템,계절|부활절
스웰 글래스,남성용 스웰 안경,액세서리|안경
정교한 팔찌,어떤 손목에도 잘 어울리는 여성용 정교한 팔찌,보석|팔찌
베이지 오피스 체어,사무실을 위한 타의 추종을 불허하는 베이지 의자,가구|의자
필라 캔들,이 필러 캔들은 집 조명에 꼭 필요한 아이템입니다.,홈 데코 | 조명
울트라시크 스카프,어떤 상황에도 어울리는 여성용 울트라시크 스카프,의류|스카프
비교할 수 없는 낚시 미끼,모든 낚싯대에 어울리는 타의 추종을 불허하는 낚시 미끼,야외|낚시
드럼 세트,이 드럼 세트는 아마추어 및 전문 뮤지션에게 적합합니다.,악기|타악기
가뭄에 강한 실내 식물,재배자들이 신선하고 활기차게 배송한 가뭄에 강한 실내 식물,꽃|식물
라이트 그레이 세트 쿠션,이 라이트 그레이 세트 쿠션은 매우 부드럽습니다.,홈 데코 | 쿠션
발렌타인 초콜릿,특별한 날을 위해 일찍 주문하세요.,계절별|발렌타인
댄디시 스카프,남성용 댄디시 스카프,의류|스카프
와인 글래스,주방에 꼭 필요한 아이템,가정용품|주방
소고기,우리의 쇠고기는 유기농이며 지속 가능한 방식으로 사육됩니다.,식료품|고기
어쿠스틱 드럼,이 어쿠스틱 드럼은 아마추어 및 전문 뮤지션에게 적합합니다.,악기|타악기
라이트 그레이 세트 쿠션,이 라이트 그레이 세트 쿠션은 집에 꼭 있어야 할 필수 아이템입니다.,홈 데코 | 쿠션
장미 어레인지먼트,유기농 농장에서 지속 가능한 방식으로 재배한 장미,플로럴|어레인지먼트
스플렌디드 세라믹 볼,이 멋진 도자기 그릇은 필수품입니다,가정용품|그릇
어니언,이 맛있고 다양한 채소를 식료품 저장실에 잘 보관하십시오.,식료품|야채
어쿠스틱 베이스,이 어쿠스틱 베이스는 가장 까다로운 뮤지션을 기쁘게 할 것입니다.,악기 | 현악기
부활절 장식,4월의 머스트해브 아이템,계절|부활절
크리스마스 리스,휴일에 가장 좋아하는 것,계절|크리스마스
그루비 안경,이 멋진 여성용 안경은 어디에나 완벽합니다,액세서리|안경
할로윈 사인,10월 초에 꼭 주문하세요,계절별|할로윈
다크 슬레이트 그레이 재킷,"보온성이 좋은 남성용 캐주얼 재킷, 사계절 착용",의류|재킷
퀸테센셜 브레이슬릿,모든 상황에 어울리는 여성용 에센셜 브레이슬릿,보석|팔찌
그랜드 피아노,이 그랜드 피아노는 아마추어 및 전문 음악가에게 적합합니다.,악기|키
부활절 장식용 달걀,4월의 머스트해브 아이템,계절|부활절
행잉 램프,이 벽걸이 램프는 집을 더욱 돋보이게 할 것입니다,홈 데코 | 조명
플로어 램프,이 플로어 램프는 집 조명에 꼭 필요한 제품입니다.,홈 데코 | 조명
칫솔,매일 사용할 수 있는 부드러운 칫솔,뷰티|그루밍
플로리스 브레이슬릿,어떤 상황에도 어울리는 완벽한 여성용 팔찌,보석|팔찌
디바인 샤인 - 새틴 로즈 립스틱 세트,거울을 사용하면 립스틱뿐만 아니라 다른 것도 얻을 수 있습니다.멋지네요!,뷰티|그루밍
뛰어난 낚시 릴,모든 낚싯대를 위한 뛰어난 낚시 릴,야외|낚시
크리스마스 오너먼트,연말연시 머스트해브 아이템,계절|크리스마스
페루-오렌지 코트,산악용 여성용 따뜻한 캐주얼 코트,의류|재킷
할로윈 화환,모두에게 사랑받는 기발한 날을 위한 머스트 해브 아이템,계절별|할로윈
필라 캔들,이 필라 캔들은 집을 더욱 돋보이게 할 것입니다.,홈 데코 | 조명
어쿠스틱 드럼,이 어쿠스틱 드럼은 아마추어 및 전문 뮤지션에게 적합합니다.,악기|타악기
브라운 슈즈,남성용 갈색 정장 신발 한 켤레,신발|정장
화이트 워크 테이블,타의 추종을 불허하는 이 흰색 작업대로 생산성을 높이십시오.,가구|테이블
브라운 슈즈,남성용 갈색 정장 신발 한 켤레,신발|정장
스피피 벨트,이 패셔너블한 여성용 벨트는 어떤 상황에도 잘 어울립니다,액세서리|벨트
발렌타인 초콜릿,특별한 날을 위해 일찍 주문하세요.,계절별|발렌타인
갱스터 걸 립스틱,이 립스틱으로 그의 심장을 빼내거나 쏘세요... 어느 쪽이든 잘 어울리세요.,뷰티|그루밍
다크 그레이 드레서,서랍이 많은 타의 추종을 불허하는 짙은 회색 옷장은 필수품입니다.,가구|옷장
라이트 그레이 슈즈,남성용 라이트 그레이 포멀 슈즈 한 켤레,신발|정장
새시 벨트,이 멋진 여성용 벨트는 어떤 상황에도 잘 어울립니다.,액세서리|벨트
컵케이크,주방에서 매일 신선하게 만드는 컵케이크,식료품|베이커리
플로어 램프,이 플로어 램프는 집 조명에 꼭 필요한 제품입니다.,홈 데코 | 조명
할로윈 스켈레톤,모두에게 사랑받는 기발한 날을 위한 머스트 해브 아이템,계절별|할로윈
글로스 밤 유니버설 립 루미나이저,100% 범용 보장 및 100% 발광.,뷰티|그루밍
찻주전자,주방에 꼭 필요한 아이템,가정용품|주방
업라이트 피아노,이 업라이트 피아노는 가장 까다로운 음악가도 만족시킬 것입니다.,악기|키
시에나 소파,이 호화로운 시에나 소파는 모든 방의 하이라이트가 될 것입니다.,가구|소파
크리스마스 오너먼트,휴일에 가장 좋아하는 것,계절|크리스마스
그레이 백팩,이 여성용 회색 백팩은 이번 시즌 최고급입니다.,액세서리|배낭
브레드,주방에서 매일 신선하게 만드는 빵,식료품|베이커리
게인즈버러 핸드백,이 게인즈버러 핸드백은 전형적인 드레시 아이템입니다.,액세서리|핸드백
블랙 힐,여성용 블랙 힐 한 켤레,신발|정장
장미 어레인지먼트,유기농 농장에서 지속 가능한 방식으로 재배한 장미,플로럴|어레인지먼트
라이트 그레이 셔츠,비할 데 없는 라이트 그레이 드레시 여성용 셔츠,의류|셔츠
할로윈 사인,모두에게 사랑받는 기발한 날을 위한 머스트 해브 아이템,계절별|할로윈
데이지 어레인지먼트,유기농 농장에서 지속 가능한 방식으로 재배한 데이지,플로럴|어레인지먼트
그레이 소파,이 부드러운 회색 소파를 즐기세요,가구|소파
일렉트릭 기타,이 일렉트릭 기타는 아마추어 및 전문 뮤지션에게 적합합니다.,악기 | 현악기
팬,주방에 꼭 필요한 아이템,가정용품|주방
장식용 양초,이 장식용 양초는 집 조명에 꼭 필요한 아이템입니다.,홈 데코 | 조명
테이블 램프,이 테이블 램프는 집을 더욱 돋보이게 할 것입니다.,홈 데코 | 조명
어쿠스틱 베이스,이 어쿠스틱 베이스는 아마추어 및 전문 음악가에게 적합합니다.,악기 | 현악기
테이블 램프,이 테이블 램프는 집을 더욱 돋보이게 할 것입니다.,홈 데코 | 조명
빨간색 직사각형 쿠션,이 빨간색 직사각형 쿠션은 매우 편안합니다.,홈 데코 | 쿠션
블루 올 웨더 코트,이 남성용 코트는 활동에 안성맞춤입니다.,의류|재킷
울트라쿨 안경,이 남성용 초저온 안경은 이상적입니다.,액세서리|안경
주전자,주방에 꼭 필요한 아이템,가정용품|주방
블랙 오피스 체어,이 멋진 검은색 사무용 의자로 생산성을 높이세요.,가구|의자
정교한 팔찌,이 아름다운 여성용 팔찌는 사람들의 시선을 사로잡을 것입니다.,보석|팔찌
패셔너블 스카프,어떤 상황에도 어울리는 세련된 여성용 스카프,의류|스카프
장미 어레인지먼트,재배자들이 신선하고 생동감 넘치는 장미 어레인지먼트를 제공합니다.,플로럴|어레인지먼트
미니멀리즘 면도기,모든 욕실의 필수품,뷰티|그루밍
라이트 그레이 다이닝 체어,어떤 식당에도 어울리는 타의 추종을 불허하는 밝은 회색 의자,가구|의자
다크 슬레이트 블루 핸드백,이 멋진 다크 슬레이트 블루 핸드백은 캐주얼하게 멀리까지 걸을 수 있는 완벽한 액세서리입니다.,액세서리|핸드백
프린트 그레이 셔츠,여성용 슈퍼 쿨 프린트 그레이 캐주얼 셔츠,의류|셔츠
낚시 네트,타의 추종을 불허하는 어망,야외|낚시
애플 파이,이 맛있는 애플 파이는 매일 신선하게 만들어집니다,식료품|베이커리
트렌디 스카프,트렌디한 남성용 스카프,의류|스카프
스트레이너,모든 주방에 잘 어울립니다.,가정용품|주방
드럼셋,이 드럼 세트는 가장 까다로운 음악가를 기쁘게 할 것입니다.,악기|타악기
일렉트릭 기타,이 일렉트릭 기타는 가장 까다로운 뮤지션을 기쁘게 할 것입니다.,악기 | 현악기
포테이토,이 맛있고 다양한 채소를 식료품 저장실에 잘 보관하십시오.,식료품|야채
크리스마스 피규어,휴일에 가장 좋아하는 것,계절|크리스마스
목재 작업대,이 완벽한 목재 작업대로 생산성을 높이세요,가구|테이블
당근,이 맛있는 채소는 모든 식료품 저장실에 꼭 있어야 할 필수품입니다.,식료품|야채
주전자,모든 주방에 꼭 맞는 제품,가정용품|주방
위트 색조 드레서,이 이상적인 옷장에는 모든 물건을 정리할 수 있는 많은 서랍이 있습니다.,가구|옷장
크로와상,주방에서 매일 신선하게 만드는 크로와상,식료품|베이커리
힙 샌들,여성용 힙합 샌들,신발|샌들
팬,모든 주방에 꼭 맞는 제품,가정용품|주방
베이지 핸드백,이 캐주얼한 베이지 핸드백은 길이와 폭이 넓은 최고급 제품입니다.,액세서리|핸드백
행잉 램프,이 벽걸이 램프는 집 조명에 꼭 필요한 제품입니다.,홈 데코 | 조명
냄비 세트,모든 주방에서 타의 추종을 불허합니다,가정용품|주방
라벤더 재킷,사계절 내내 입을 수 있는 멋진 남성용 캐주얼 재킷,의류|재킷
실내 식물,재배자로부터 신선하고 활기찬 실내 식물을 제공합니다.,꽃|식물
주전자,주방에 꼭 필요한 아이템,가정용품|주방
믹스 어레인지,유기농 농장에서 지속 가능한 방식으로 재배한 혼합 어레인지,플로럴|어레인지먼트
장미 어레인지먼트,재배자들이 신선하고 생동감 넘치는 장미 어레인지먼트를 제공합니다.,플로럴|어레인지먼트
다저 블루 재킷,남성용 따뜻한 올 시즌 캐주얼 재킷,의류|재킷
비디오 카메라,이 비디오 카메라는 특별한 순간을 포착하는 데 적합합니다.,전자제품|카메라
그레이 플레이트,모든 주방에서 타의 추종을 불허합니다,가정용품|주방
크리스마스 피규어,휴일에 가장 좋아하는 것,계절|크리스마스
칵테일 글라스,주방에 꼭 필요한 아이템,가정용품|주방
일렉트릭 베이스,이 일렉트릭 베이스는 가장 까다로운 뮤지션을 기쁘게 할 것입니다.,악기 | 현악기
화이트 드레서,이 멋진 옷장에는 모든 물건을 정리할 수 있는 많은 서랍이 있습니다.,가구|옷장
칠리,이 맛있는 채소는 모든 식료품 저장실에 꼭 있어야 할 필수품입니다.,식료품|야채
키보드,이 키보드는 아마추어 및 전문 음악가에게 적합합니다.,악기|키
냄비,모든 주방에서 타의 추종을 불허합니다,가정용품|주방
시에나 핸드백,모든 의상에 잘 어울리는 시에나 핸드백,액세서리|핸드백
페일 그레이 소파,이 풍부한 옅은 회색 소파는 모든 객실의 하이라이트가 될 것입니다.,가구|소파
면도기,모든 욕실에 사용할 수 있는 면도기,뷰티|그루밍
믿을 수 있는 낚시 미끼,이 믿을 수 있는 낚시 미끼를 가지고 다니세요,야외|낚시
산스 파레일 브레이슬릿,Sans Pareil 여성용 브레이슬릿은 어떤 상황에도 잘 어울립니다.,보석|팔찌
크리스마스 오너먼트,휴일에 가장 좋아하는 것,계절|크리스마스
다크 올리브 그린 스니커즈,동네에서 돌아다니기 좋은 생동감 넘치는 다크 올리브 그린 스니커즈,신발|스니커즈
찻주전자,주방에 꼭 필요한 아이템,가정용품|주방
골든로드 암체어,어떤 방에도 어울리는 세련된 골든로드 암체어,가구|의자
다크 그레이 백팩,이 남성용 다크 그레이 백팩은 장거리 여행에 타의 추종을 불허합니다.,액세서리|배낭
일렉트릭 기타,이 일렉트릭 기타는 가장 까다로운 뮤지션을 기쁘게 할 것입니다.,악기 | 현악기
어쿠스틱 베이스,이 어쿠스틱 베이스는 가장 까다로운 뮤지션을 기쁘게 할 것입니다.,악기 | 현악기
레드 스니커즈,동네에서 돌아다니기 좋은 트렌디한 레드 스니커즈,신발|스니커즈
키보드,이 키보드는 아마추어 및 전문 음악가에게 적합합니다.,악기|키
업라이트 피아노,이 업라이트 피아노는 아마추어 및 전문 음악가에게 적합합니다.,악기|키
믹스 어레인지,재배자들이 신선하고 생동감 있게 만든 다양한 어레인지를 제공합니다.,플로럴|어레인지먼트
다크 슬레이트 그레이 안락 의자,이 편안한 다크 슬레이트 그레이 안락 의자에서 휴식을 취하십시오,가구|의자
와인 글래스,주방에 꼭 필요한 아이템,가정용품|주방
초콜릿 무스 케이크,이 맛있는 초콜릿 무스 케이크는 모두를 기쁘게 할 것입니다.,식료품|베이커리
다크 슬레이트 그레이 재킷,여성용 따뜻한 캐주얼 재킷,의류|재킷
가뭄에 강한 실내 식물,재배자들이 신선하고 활기차게 배송한 가뭄에 강한 실내 식물,꽃|식물
핑크 스니커즈,이 핑크 스니커즈는 야외 탐험에 안성맞춤입니다.,신발|스니커즈
일렉트릭 베이스,이 일렉트릭 베이스는 가장 까다로운 뮤지션을 기쁘게 할 것입니다.,악기 | 현악기
화이트 다이닝 테이블,온 가족을 위한 이상적인 화이트 다이닝 룸,가구|테이블
소고기,우리의 쇠고기는 농부들에 의해 지속 가능한 방식으로 사육됩니다.,식료품|고기
그루비 안경,이 멋진 남성용 안경은 타의 추종을 불허합니다,액세서리|안경
트렌디 벨트,트렌디한 여성 벨트,액세서리|벨트
초콜릿 케이크,이 맛있는 초콜릿 케이크는 모두를 기쁘게 할 것입니다.,식료품|베이커리
크리스마스 오너먼트,연말연시 머스트해브 아이템,계절|크리스마스
파이어브릭 스니커즈,다재다능한 대담한 파이어브릭 스니커즈,신발|스니커즈
그레이 스니커즈,새로운 도시를 탐험할 수 있는 멋진 회색 스니커즈,신발|스니커즈
어쿠스틱 드럼,이 어쿠스틱 드럼은 가장 까다로운 뮤지션을 기쁘게 할 것입니다.,악기|타악기
냄비,모든 주방에서 타의 추종을 불허합니다,가정용품|주방
블랙 소파,이 풍부한 블랙 소파는 모든 객실의 하이라이트가 될 것입니다.,가구|소파
크리스마스 피규어,연말연시 머스트해브 아이템,계절|크리스마스
힙 안경,이 남성용 힙 안경은 훌륭합니다.,액세서리|안경
탠 렉탱글 쿠션,이 황갈색 직사각형 쿠션은 집에 꼭 있어야 할 필수품입니다.,홈 데코 | 쿠션
크리스마스 오너먼트,연말연시 머스트해브 아이템,계절|크리스마스
낚시 네트,사용하기 쉬운 낚시 그물,야외|낚시
할로윈 펌킨,10월 초에 꼭 주문하세요,계절별|할로윈
할로윈 펌킨,모두에게 사랑받는 기발한 날을 위한 머스트 해브 아이템,계절별|할로윈
버섯,이 맛있고 다양한 채소를 식료품 저장실에 잘 보관하십시오.,식료품|야채
아이섀도우 팔레트 - 팔레트 3개 세트,다양한 색조를 시험해 보기에 안성맞춤인 각 팔레트에는 4가지 색상이 포함되어 있습니다.,뷰티|그루밍
엣지 글래스,이 엣지 있는 여성용 안경은 어디에나 완벽합니다,액세서리|안경
벌리우드 코트,남성용 산악용 멋진 겨울 캐주얼 코트,의류|재킷
할로윈 코스튬,모두에게 사랑받는 기발한 날을 위한 머스트 해브 아이템,계절별|할로윈
소고기,우리의 쇠고기는 농부들에 의해 지속 가능한 방식으로 사육됩니다.,식료품|고기
어쿠스틱 드럼,이 어쿠스틱 드럼은 아마추어 및 전문 뮤지션에게 적합합니다.,악기|타악기
핑크 셔츠,여성용 멋진 드레스,의류|셔츠
주전자,모든 주방에 적합,가정용품|주방
그루비 안경,이 멋진 남성용 안경은 타의 추종을 불허합니다,액세서리|안경
울트라쿨 벨트,모든 상황에 어울리는 울트라쿨 벨트,액세서리|벨트
다크 슬레이트 그레이 세트 쿠션,이 다크 슬레이트 그레이 세트 쿠션은 매우 부드럽습니다.,홈 데코 | 쿠션
페일 그레이 스퀘어 쿠션,이 옅은 회색의 사각형 쿠션은 아주 멋집니다,홈 데코 | 쿠션
대퍼 샌들,단아한 남성용 샌들,신발|샌들
스완키 샌들,멋진 여성용 샌들,신발|샌들
주전자,주방에 꼭 필요한 아이템,가정용품|주방
업라이트 피아노,이 업라이트 피아노는 가장 까다로운 음악가도 만족시킬 것입니다.,악기|키
할로윈 펌킨,10월 초에 꼭 주문하세요,계절별|할로윈
트리 레이어드 케이크,이 풍미 가득한 트리 레이어 초콜릿 케이크는 모두를 기쁘게 할 것입니다.,식료품|베이커리
커피 메이커,주방에 꼭 필요한 아이템,가정용품|주방
카메라,아마추어 및 전문가용 카메라,전자제품|카메라
게인즈버러 다이닝 체어,어떤 식당에도 어울리는 타의 추종을 불허하는 게인즈버러 의자,가구|의자
크림슨 코트,단열 기능이 뛰어난 여성용 아웃도어 캐주얼 코트,의류|재킷
클래식 화이트 탑,완벽한 흰색 여성용 드레스 셔츠,의류|셔츠
샌디 브라운 핸드백,멋진 날을 위한 샌디 브라운 핸드백,액세서리|핸드백
화이트 플레이트,모든 주방에서 타의 추종을 불허합니다,가정용품|주방
트렌디 화이트 셔츠,트렌디하고 드레시한 남성용 화이트 셔츠,의류|셔츠
라이트 그레이 셔츠,여성용 새시 라이트 그레이 캐주얼 셔츠,의류|셔츠
라이트 그레이 다이닝 체어,모든 식당에 어울리는 완벽한 라이트 그레이 체어,가구|의자
크리스마스 리스,연말연시 머스트해브 아이템,계절|크리스마스
메이크업 브러쉬,모든 욕실을 위한 메이크업 브러쉬,뷰티|그루밍
드럼 세트,이 드럼 세트는 아마추어 및 전문 뮤지션에게 적합합니다.,악기|타악기
흰색 작업대,사무실을 위한 멋진 흰색 작업대,가구|테이블
페일 핑크 백팩,페일 핑크 여성용 백팩,액세서리|배낭
믹스 어레인지,유기농 농장에서 지속 가능한 방식으로 재배한 혼합 어레인지,플로럴|어레인지먼트
새들 브라운 슈즈,남성용 새들 브라운 포멀 슈즈 한 켤레,신발|정장
도너츠,주방에서 매일 신선하게 만드는 도너츠,식료품|베이커리
플로랄 디자인 플레이트,주방에 꼭 필요한 아이템,가정용품|주방
프렌치 프레스,주방에 꼭 필요한 아이템,가정용품|주방
로지 브라운 다이닝 테이블,이 비교할 수 없는 장밋빛 갈색 식탁은 모두를 기쁘게 할 것입니다.,가구|테이블
비디오 카메라,이 비디오 카메라는 특별한 순간을 포착하는 데 적합합니다.,전자제품|카메라
블랙 셔츠,남성용 블랙 캐주얼 셔츠,의류|셔츠
부활절 장식,4월 초순에 가장 인기 있는 메뉴,계절|부활절
크리스마스 피규어,연말연시 머스트해브 아이템,계절|크리스마스
펑키 셔츠,펑키 드레시 남성 셔츠,의류|셔츠
레드 셔츠,남성용 레드 캐주얼 셔츠,의류|셔츠
새시 벨트,여성용 새시 벨트,액세서리|벨트
클래식 화이트 셔츠,여성용 화이트 드레시 셔츠,의류|셔츠
세라믹 꽃병,이 세라믹 꽃병은 홈 데코를 위한 머스트해브 아이템입니다.,가정 장식 | 장식
나무 식탁,온 가족을 위한 타의 추종을 불허하는 목재 다이닝 룸,가구|테이블
로지 코트,겨울용 여성용 따뜻한 캐주얼 코트,의류|재킷
플로럴 탑,여성용 울트라힙 플로럴 탑,의류|셔츠
세라믹 꽃병,이 세라믹 꽃병은 모두를 기쁘게 할 것입니다.,가정 장식 | 장식
소고기,우리의 쇠고기는 유기농이며 지속 가능한 방식으로 사육됩니다.,식료품|고기
매력적인 세라믹 볼,이 매력적인 세라믹 그릇은 필수품입니다,가정용품|그릇
크리스마스 캔디,연말연시 머스트해브 아이템,계절|크리스마스
다크 그레이 스퀘어 쿠션,이 다크 그레이 스퀘어 쿠션은 집에 꼭 있어야 할 필수 아이템입니다.,홈 데코 | 쿠션
모노크롬 체크 셔츠,남성 캐주얼 셔츠,의류|셔츠
치킨,우리의 닭고기는 농부들에 의해 지속 가능한 방식으로 사육됩니다.,식료품|고기
어쿠스틱 드럼,이 어쿠스틱 드럼은 가장 까다로운 뮤지션을 기쁘게 할 것입니다.,악기|타악기
슈어 파이어 피싱 릴,확실하고 사용하기 쉬운 낚시 릴,야외|낚시
믹스 어레인지,유기농 농장에서 지속 가능한 방식으로 재배한 혼합 어레인지,플로럴|어레인지먼트
플로어 램프,이 플로어 램프는 집을 더욱 돋보이게 할 것입니다.,홈 데코 | 조명
크리스마스 오너먼트,연말연시 머스트해브 아이템,계절|크리스마스
위커 바스켓,이 위커 바구니는 홈 데코를 위한 머스트해브 아이템입니다.,가정 장식 | 장식
게인즈버러 백팩,이 게인즈버러 백팩은 이번 시즌과 비교할 수 없습니다,액세서리|배낭
시에나 암체어,이 멋진 시에나 안락 의자에서 휴식을 취하십시오,가구|의자
다크 카키 백팩,이 남성용 다크 카키 백팩은 먼 곳을 탐험하기에 타의 추종을 불허합니다.,액세서리|배낭
스피피 샌들,이 푹신한 여성용 샌들은 여름에 딱 맞습니다.,신발|샌들
정교한 세라믹 보울,모든 상황에 어울리는 정교한 세라믹 볼,가정용품|그릇
벌리우드 백팩,벌리우드 백팩은 여행에 없어서는 안 될 필수품입니다.,액세서리|배낭
파이어브릭 재킷,보온성이 좋은 여성용 캐주얼 재킷,의류|재킷
크리스마스 장식,휴일에 가장 좋아하는 것,계절|크리스마스
업라이트 피아노,이 업라이트 피아노는 가장 까다로운 음악가도 만족시킬 것입니다.,악기|키
튤립 어레인지,재배자들이 신선하고 생동감 넘치는 튤립 어레인지를 제공합니다.,플로럴|어레인지먼트
테이퍼 캔들,이 테이퍼 캔들은 집을 더욱 돋보이게 할 것입니다.,홈 데코 | 조명
스웰 스카프,남성용 스웰 스카프,의류|스카프
가뭄에 강한 실내 식물,재배자들이 신선하고 활기차게 배송한 가뭄에 강한 실내 식물,꽃|식물
목재 작업대,사무실을 위한 완벽한 목재 작업대,가구|테이블
와인 글래스,모든 주방에 적합,가정용품|주방
게인즈버러 작업대,사무실을 위한 타의 추종을 불허하는 게인즈버러 작업대,가구|테이블
페일 그레이 셔츠,페일 그레이 남성 캐주얼 셔츠,의류|셔츠
칫솔,이 편리한 칫솔로 매 식사 후 양치질하세요,뷰티|그루밍
스피피 글래스,여성용 푹신한 안경,액세서리|안경
벌리우드 핸드백,이 트렌디한 벌리우드 핸드백은 캐주얼하게 여기저기 돌아다니기에 완벽한 액세서리입니다.,액세서리|핸드백
블랙 레인 재킷,단열이 잘 된 남성용 레인 재킷,의류|재킷
골든 슈즈,여성용 골든 포멀 슈즈 한 켤레,신발|정장
할로윈 캔디,모두에게 사랑받는 기발한 날을 위한 머스트 해브 아이템,계절별|할로윈
냄비 세트,모든 주방에서 타의 추종을 불허합니다,가정용품|주방
크리스마스 장식,연말연시 머스트해브 아이템,계절|크리스마스
키보드,이 키보드는 가장 까다로운 음악가를 기쁘게 할 것입니다,악기|키
블랙 재킷,남성용 블랙 자켓 어바웃 타운,의류|재킷
벌리우드 작업대,사무실을 위한 뛰어난 벌리우드 작업대,가구|테이블
최고급 스카프,여성용 최고급 스카프,의류|스카프
행잉 램프,이 벽걸이 램프는 집 조명에 꼭 필요한 제품입니다.,홈 데코 | 조명
블랙 스니커즈,새로운 도시에서의 여행을 위한 생동감 넘치는 블랙 스니커즈,신발|스니커즈
할로윈 사인,모두에게 사랑받는 기발한 날을 위한 머스트 해브 아이템,계절별|할로윈
세련된 목재 보울,이 세련된 나무 그릇은 필수품입니다,가정용품|그릇
클래시 브레이슬릿,모든 손목을 장식할 수 있는 여성용 클래식한 팔찌,보석|팔찌
다크 슬레이트 그레이 백팩,시즌 내내 입을 수 있는 다크 슬레이트 그레이 남성용 백팩,액세서리|배낭
고급스러운 세라믹 볼,이 고급스러운 세라믹 그릇은 필수품입니다.,가정용품|그릇
스카이 그린 재킷,"보온성이 좋은 여성용 캐주얼 재킷, 사계절 착용",의류|재킷
일렉트릭 기타,이 일렉트릭 기타는 가장 까다로운 뮤지션을 기쁘게 할 것입니다.,악기 | 현악기
찻주전자,모든 주방에 잘 어울립니다.,가정용품|주방
크리스마스 오너먼트,연말연시 머스트해브 아이템,계절|크리스마스
클래식 세라믹 볼,이 클래식한 세라믹 그릇은 필수품입니다,가정용품|그릇
산스 파레일 스카프,여성용 산스 파레일 스카프,의류|스카프
테스트를 거친 낚시 미끼,테스트를 거친 이 낚시 미끼를 가지고 다니세요.,야외|낚시
블랙 오피스 체어,이 편안한 검은색 사무용 의자로 생산성을 높이세요,가구|의자
새들 브라운 소파,이 멋진 새들 브라운 소파는 어떤 방에서도 하이라이트가 될 것입니다.,가구|소파
블랙 힐,여성용 블랙 힐 한 켤레,신발|정장
비교할 수 없는 낚시 미끼,이 타의 추종을 불허하는 낚시 미끼는 반드시 성공을 가져올 것입니다,야외|낚시
페일 옐로우 스니커즈,노란 스니커즈를 신고 도시를 탐험해보세요,신발|스니커즈
블랙 작업대,사무실을 위한 완벽한 검은색 작업대,가구|테이블
그레이 직사각형 쿠션,이 회색 직사각형 쿠션은 집에 꼭 있어야 할 필수품입니다.,홈 데코 | 쿠션
등나무 바구니,이 라탄 바구니는 홈 데코를 위한 머스트해브 아이템입니다.,가정 장식 | 장식
크리스마스 조명,연말연시 머스트해브 아이템,계절|크리스마스
라이트 블루 직사각형 쿠션,이 밝은 파란색 직사각형 쿠션은 아주 멋집니다,홈 데코 | 쿠션
맥주 글래스,모든 주방에서 타의 추종을 불허합니다,가정용품|주방
냄비,주방에 꼭 필요한 아이템,가정용품|주방
발렌타인 캔디,특별한 날을 위해 일찍 주문하세요.,계절별|발렌타인
어쿠스틱 드럼,이 어쿠스틱 드럼은 가장 까다로운 뮤지션을 기쁘게 할 것입니다.,악기|타악기
다크 슬레이트 그레이 스니커즈,다재다능한 대담한 다크 슬레이트 그레이 스니커즈,신발|스니커즈
찻주전자,모든 주방에 꼭 맞는 제품,가정용품|주방
주전자,모든 주방에서 타의 추종을 불허합니다,가정용품|주방
그레이 소파,어떤 방에도 어울리는 타의 추종을 불허하는 회색 소파,가구|소파
주전자,주방에 꼭 필요한 아이템,가정용품|주방
발렌타인 초콜릿,특별한 날을 위해 일찍 주문하세요.,계절별|발렌타인
어쿠스틱 베이스,이 어쿠스틱 베이스는 가장 까다로운 뮤지션을 기쁘게 할 것입니다.,악기 | 현악기
옐로우-그린 재킷,보온성이 좋은 여성용 캐주얼 재킷,의류|재킷
크리스마스 리스,연말연시 머스트해브 아이템,계절|크리스마스
크림 케이크,이 맛있는 크림 케이크는 모두를 기쁘게 할 것입니다.,식료품|베이커리
다크 그레이 안락 의자,이 편안한 짙은 회색 안락 의자에서 휴식을 취하십시오,가구|의자
울트라힙 샌들,이 여성용 울트라힙 샌들은 여름에 안성맞춤입니다.,신발|샌들
티슬 퍼플 슈즈,여성용 티슬 퍼플 포멀 슈즈 한 켤레,신발|정장
스파클리 힐,반짝이는 여성용 포멀 힐 한 켤레,신발|정장
시에나 소파,이 부드러운 시에나 소파를 즐기세요,가구|소파
발렌타인 초콜릿,특별한 날을 위한 머스트해브 아이템,계절별|발렌타인
트렌디 스카프,모든 상황에 어울리는 트렌디한 남성용 스카프,의류|스카프
울트라쿨 스카프,남성용 울트라쿨 스카프,의류|스카프
댄디시 브레이슬릿,남성용 댄디시 브레이슬릿,보석|팔찌
패셔너블 스카프,어떤 상황에도 어울리는 세련된 남성용 스카프,의류|스카프
파우더 블루 작업대,타의 추종을 불허하는 파우더 블루 작업대로 생산성을 높이십시오.,가구|테이블
장미 어레인지먼트,유기농 농장에서 지속 가능한 방식으로 재배한 장미,플로럴|어레인지먼트
항아리 캔들,이 항아리 캔들은 집을 더욱 돋보이게 할 것입니다,홈 데코 | 조명
에브리데이 글래스,주방에 꼭 필요한 아이템,가정용품|주방
일렉트릭 기타,이 일렉트릭 기타는 가장 까다로운 뮤지션을 기쁘게 할 것입니다.,악기 | 현악기
화이트 플레이트,모든 주방에 잘 어울립니다.,가정용품|주방
할로윈 펌킨,10월 초에 꼭 주문하세요,계절별|할로윈
라이트 슬레이트 그레이 힐,여성용 라이트 슬레이트 그레이 힐 한 켤레,신발|정장
다크 그레이 핸드백,드레시한 룩을 위한 다크 그레이 핸드백,액세서리|핸드백
퀸테센셜 스카프,여성용 에센셜 스카프,의류|스카프
부활절 장식용 달걀,4월 초순에 가장 인기 있는 메뉴,계절|부활절
가뭄에 강한 실내 식물,유기농 농장에서 지속 가능한 방식으로 재배되는 가뭄에 강한 실내 식물,꽃|식물
일렉트릭 기타,이 일렉트릭 기타는 가장 까다로운 뮤지션을 기쁘게 할 것입니다.,악기 | 현악기
위트 휴 다이닝 테이블,온 가족을 위한 타의 추종을 불허하는 밀색 다이닝 룸,가구|테이블
일렉트릭 기타,이 일렉트릭 기타는 아마추어 및 전문 뮤지션에게 적합합니다.,악기 | 현악기
발렌타인 초콜릿,특별한 날을 위해 일찍 주문하세요.,계절별|발렌타인
장미 어레인지먼트,재배자들이 신선하고 생동감 넘치는 장미 어레인지먼트를 제공합니다.,플로럴|어레인지먼트
카메라,아마추어 및 전문가용 카메라,전자제품|카메라
쿠키,주방에서 매일 신선하게 만드는 쿠키,식료품|베이커리
크리스마스 오너먼트,연말연시 머스트해브 아이템,계절|크리스마스
슈퍼쿨 샌들,매우 멋진 여성용 샌들,신발|샌들
맥주 글래스,주방에 꼭 필요한 아이템,가정용품|주방
화이트 소파,이 화려한 화이트 소파는 모든 객실의 하이라이트가 될 것입니다,가구|소파
일렉트릭 기타,이 일렉트릭 기타는 아마추어 및 전문 뮤지션에게 적합합니다.,악기 | 현악기
흰색 작업대,사무실에 적합한 흰색 작업대,가구|테이블
브라운 슈즈,남성용 갈색 정장 신발 한 켤레,신발|정장
레더 재킷,남성용 따뜻한 캐주얼 가죽 자켓,의류|재킷
살몬 힐,여성용 연어 힐 한 쌍,신발|정장
식기 세트,주방에 꼭 필요한 아이템,가정용품|주방
체크 셔츠,여성용 체크 캐주얼 셔츠,의류|셔츠
화이트 오피스 체어,사무실을 위한 타의 추종을 불허하는 흰색 의자,가구|의자
부활절 장식,4월 초순에 가장 인기 있는 메뉴,계절|부활절
블랙 소파,이 멋진 블랙 소파는 모든 방의 하이라이트가 될 것입니다.,가구|소파
브레드,주방에서 매일 신선하게 만드는 빵,식료품|베이커리
일렉트릭 기타,이 일렉트릭 기타는 가장 까다로운 뮤지션을 기쁘게 할 것입니다.,악기 | 현악기
스완키 벨트,이 멋진 여성용 벨트는 모든 상황에 적합합니다.,액세서리|벨트
블랙 슈즈,남성용 블랙 포멀 슈즈 한 켤레,신발|정장
칵테일 글라스,모든 주방에서 타의 추종을 불허합니다,가정용품|주방
카메라,이 카메라는 특별한 순간을 포착하기에 안성맞춤입니다.,전자제품|카메라
발렌타인 데코레이션,특별한 날을 위해 일찍 주문하세요.,계절별|발렌타인
메이크업 브러쉬 키트,이 멋진 메이크업 브러쉬 키트는 모든 욕실에 필수적입니다.,뷰티|그루밍
다크 레드 슈즈,여성용 다크 레드 포멀 슈즈 한 켤레,신발|정장
식기 세트,모든 주방에 꼭 맞는 제품,가정용품|주방
사랑스러운 도자기 그릇,모든 상황에 어울리는 사랑스러운 세라믹 그릇,가정용품|그릇
소고기,우리의 쇠고기는 농부들에 의해 지속 가능한 방식으로 사육됩니다.,식료품|고기
베이킹 디쉬,모든 주방에서 타의 추종을 불허합니다,가정용품|주방
프레셔스 카고 메이크업 컨테이너,밝은 스타일의 강력한 강화 플라스틱 용기.,뷰티|그루밍
비디오 카메라,아마추어 및 전문가용 비디오 카메라,전자제품|카메라
베이글,주방에서 매일 신선하게 만드는 베이글,식료품|베이커리
믿을 수 있는 낚시 릴,믿을 수 있고 사용하기 쉬운 낚시 릴,야외|낚시
흑백 사무실 의자,이 편안한 사무용 의자로 생산성을 높이세요,가구|의자
아웃스탠딩 스카프,여성을 위한 뛰어난 스카프,의류|스카프
파이어브릭 재킷,이 여성용 파이어브릭 재킷은 도시에 딱 맞습니다.,의류|재킷
베이지 힐,여성용 베이지 힐 한 켤레,신발|정장
블랙 오피스 체어,이 멋진 검은색 사무용 의자로 생산성을 높이세요.,가구|의자
게인즈버러 백팩,게인즈버러 백팩은 여행에 편리합니다.,액세서리|배낭
드럼 세트,이 드럼 세트는 가장 까다로운 뮤지션을 기쁘게 할 것입니다.,악기|타악기
키보드,이 키보드는 가장 까다로운 음악가를 기쁘게 할 것입니다,악기|키
키보드,이 키보드는 아마추어 및 전문 음악가에게 적합합니다.,악기|키
페일 그레이 소파,이 화려한 옅은 회색 소파는 모든 객실의 하이라이트가 될 것입니다.,가구|소파
스트래피 힐,여성용 스트래피 힐 한 켤레,신발|정장
새시 샌들,이 멋진 여성용 샌들은 여름에 딱 맞습니다.,신발|샌들
페일 그레이 핸드백,이 캐주얼한 페일 그레이 핸드백은 어디에나 잘 어울립니다.,액세서리|핸드백
크리스마스 오너먼트,연말연시 머스트해브 아이템,계절|크리스마스
블랙 힐,여성용 블랙 힐 한 켤레,신발|정장
냄비,모든 주방과 비교할 수 없습니다,가정용품|주방
다크 씨 그린 소파,이 고급스러운 짙은 바다 녹색 소파는 모든 객실의 하이라이트가 될 것입니다.,가구|소파
윈터 재킷,"보온성이 좋은 여성용 캐주얼 재킷, 사계절 착용",의류|재킷
장미 어레인지먼트,유기농 농장에서 지속 가능한 방식으로 재배한 장미,플로럴|어레인지먼트
다크 그린 슈즈,남성용 짙은 녹색 정장 신발 한 켤레,신발|정장
세라믹 꽃병,이 세라믹 꽃병은 모두를 기쁘게 할 것입니다.,가정 장식 | 장식
라이트 그레이 스퀘어 쿠션,이 밝은 회색 사각형 쿠션은 집에 꼭 있어야 할 필수품입니다.,홈 데코 | 쿠션
크리스마스 오너먼트,연말연시 머스트해브 아이템,계절|크리스마스
퍼펙트 그레이 소파,편안하고 따뜻하며 멋집니다.,가구|소파
와인 글래스,모든 주방에서 타의 추종을 불허합니다,가정용품|주방
정교한 알루미늄 보울,모든 상황에 적합한 정교한 알루미늄 보울,가정용품|그릇
블랙 오피스 체어,이 멋진 검은색 사무용 의자로 생산성을 높이세요.,가구|의자
라이트 그레이 스퀘어 쿠션,이 밝은 회색 사각형 쿠션은 매우 부드럽습니다.,홈 데코 | 쿠션
트렌디 안경,이 트렌디한 남성용 안경은 타의 추종을 불허합니다,액세서리|안경
쿨 블루 재킷,산악용 여성용 단열 캐주얼 재킷,의류|재킷
