input,intent_name
비회원으로 구매한상품 조회 어떻게 하나요,com_how_ord
선물박스 신청할 수 있나요,com_how_ord
선물상자 따로 주문 되나요,com_how_ord
주문방법을 몰라요,com_how_ord
결제방법문의,com_how_ord
롯데마트서 방금 구매했는데 추가로 주문할수 있나요,com_how_ord
추가 주문할 수 있나요,com_how_ord
대량구매 견적받고 싶어요,com_how_ord
포장으로 받을 수 있나요,com_how_ord
상품 더담기,com_how_ord
비회원 주문하는 법 알고싶습니다,com_how_ord
선물하기로 상품 보냈는데 문자 못받았대요,com_how_ord
선물하기로 보낸 상품 문자 수신이 안되었다고 합니다,com_how_ord
비회원 구매하는법,com_how_ord
포장도되나요,com_how_ord
주문상품 추가 하기 가능한가요,com_how_ord
선물포장 및 더스트백 동봉 부탁드려요,com_how_ord
대량구매시에는 어떻게 신청하나요,com_how_ord
선물하기 문자 못받았다는데 다시 전송할수 있나요,com_how_ord
내 주문에 선물포장 적용됐나요,com_how_ord
전화로 주문 가능한가요,com_how_ord
전화 주문해줘,com_how_ord
재입고 상품 주문보여줘,com_how_ord
주문 어떻게 하는거야,com_how_ord
비회원 주문은 어떻게 하죠,com_how_ord
선물상자만 따로 받을수도 있나요,com_how_ord
선물포장 가능한지 확인해줘,com_how_ord
추가로 주문할게 있는데요,com_how_ord
비회원 주문하기는 어디서 하나요,com_how_ord
비회원 주문은 어떻게 해,com_how_ord
선물포장 신청했는데 접수됐나요,com_how_ord
선물하기할 때 받는 사람이 꼭 수락해야 발송되나요,com_how_ord
선물하기면 자동으로 선물포장해주는 건가요,com_how_ord
예약상품 주문,com_how_ord
예약 상품 주문은 어떻게 하나요,com_how_ord
예약상품 주문 할래,com_how_ord
아직 배송시간 있는데 추가배송 안되나요,com_how_ord
선물 메시지 온게 없대요,com_how_ord
주문 방법 알려주세요,com_how_ord
지금 상품추가는 안될까요,com_how_ord
주문할 때 선물포장 되나요,com_how_ord
주문상품 받기전인데 추가주문이 가능한지요 가능하면 방법을 자세히 알려주시면 감사하겠습니다,com_how_ord
비회원 주문하는 방법 문의드릴 수 있을까요?,com_how_ord
추가 주문 하는 방법,com_how_ord
추가 주문은 어떻게 하나요,com_how_ord
다시 주문하지 않고 이미 주문한 것에 상품 더하기는 어떻게 하나요?,com_how_ord
주문할 때 선물포장 되나요,com_how_ord
주문더하기 마감시간,com_how_ord
개별 포장 박스와 쇼핑백도 부탁 드립니다.,com_how_ord
주문한 닥스모자 포장가능한가요?,com_how_ord
취소 사유를 알고 싶어요,cs_cncl
발송불가하다고 연락이 왔는데 제가 취소해야하나요,cs_cncl
배송불가가 무슨뜻이죠,cs_cncl
주문불가 연락이왔는데 어떻게 하면 되나요,cs_cncl
취소 누가했나요,cs_cncl
왜 주문 한게 취소가 된거죠,cs_cncl
취소 왜 해요,cs_cncl
취소 누가했죠,cs_cncl
주문후 자동취소가 됩니다,cs_cncl
발송불가능상태가 뭐야,cs_cncl
취소된 사유가 뭐죠,cs_cncl
취소된 이유가 뭡니까,cs_cncl
취소된 이유좀 알려주세요,cs_cncl
왜 마음대로 취소하나요,cs_cncl
취소안했는데요,cs_cncl
주문취소 이유,cs_cncl
주문취소 되었습니다 사유여쭙니다,cs_cncl
왜 주문이 취소가 된건가요,cs_cncl
왜 맘대로 주문을 취소하나요,cs_cncl
왜 갑자기 취소 된건가요,cs_cncl
왜 제 주문이 취소가 된거죠,cs_cncl
카톡으로 주문 상품 발송 불가 안내를 받았는데 취소된다는 안내인가요,cs_cncl
주문 취소가 갑자기 되었어요,cs_cncl
배송불가상품이라고 카톡왔는데,cs_cncl
왜 자꾸 취소되는거죠,cs_cncl
업체에서 취소해 달라는데 어떻게 해야하나요,cs_cncl
카드 정상취소된게 맞나요,cs_cncl
카드 취소 확인 좀 해주세요,cs_cncl
카드 취소 확인이 안됩니다,cs_cncl
카드 취소전표가 안뜨는게 어떻게된거죠,cs_cncl
카드 취소내역에 없어요,cs_cncl
카드 취소는 얼마나 걸려요,cs_cncl
카드 취소된 거 맞아요,cs_cncl
카드 취소문자는 못 받았어요,cs_cncl
취소 완료면 취소 된 건가요,cs_cncl
체크카드 취소된 거 맞나요,cs_cncl
취소 반영이 카드사에 아직 안되었어요,cs_cncl
신용카드는 취소 기한이 어떻게 돼,cs_cncl
카드 취소가 아직인데 확인 좀 부탁드립니다,cs_cncl
신용카드 취소 제대로 됐나요,cs_cncl
신용카드 취소 잘 됐는지 좀 봐주세요,cs_cncl
내 카드 취소 내역 확인 좀,cs_cncl
카드 취소한 내역 확인 좀,cs_cncl
언제 취소 되는지 알려줘 신용카드,cs_cncl
카드 취소 언제 돼,cs_cncl
카드 언제 취소 되는지 알려줘,cs_cncl
신용카드 제대로 취소됐는지 좀 봐줘,cs_cncl
카드 취소 되는 데에 얼마나 걸려요,cs_cncl
취소완료 된건은 언제 카드 취소 되나요,cs_cncl
신용카드니까 취소하면 한도복원 되는 거 맞죠,cs_cncl
꼭 좀 회수 부탁드립니다,cs_how_exch_rtgs_etc
회수 너무 오래 걸리네요,cs_how_exch_rtgs_etc
회수 처리 잘 되었나요,cs_how_exch_rtgs_etc
밖에 뒀는데 안가져가네요,cs_how_exch_rtgs_etc
물건 회수 해갔고 일정 알려주세요,cs_how_exch_rtgs_etc
물건 회수 해갔는데 상품 언제 받을 수 있는지 알려주세요,cs_how_exch_rtgs_etc
반품회수 일정 알려주세요,cs_how_exch_rtgs_etc
반품회수 언제 가져가요,cs_how_exch_rtgs_etc
반품회수 언제 되나요,cs_how_exch_rtgs_etc
회수지연 어떻게 해요,cs_how_exch_rtgs_etc
회수지연인데요,cs_how_exch_rtgs_etc
회수지연 중이에요,cs_how_exch_rtgs_etc
반품접수 했는데 아직 회수가 안 되고 있네요,cs_how_exch_rtgs_etc
반품수거도 안하고 아무 연락도 없어요,cs_how_exch_rtgs_etc
반품 접수한지가 한참인데 왜 아직 회수를 안 해가시나요,cs_how_exch_rtgs_etc
반품요청했는데 회수되지 않았습니다,cs_how_exch_rtgs_etc
교환회수 신청 한번 더 부탁드립니다,cs_how_exch_rtgs_etc
반품회수 신청 한번 더 부탁드립니다,cs_how_exch_rtgs_etc
반품요청한지 꽤 됐는데 아직도 회수가 안되고 있어요,cs_how_exch_rtgs_etc
회수가 안되고 있어요,cs_how_exch_rtgs_etc
수거진행이 안되는것 같습니다,cs_how_exch_rtgs_etc
오늘 3일째인데 수거가 안되네요,cs_how_exch_rtgs_etc
수거 언제 되나요,cs_how_exch_rtgs_etc
아직까지 회수를 해가지 않아요,cs_how_exch_rtgs_etc
수거를 하지 않네요,cs_how_exch_rtgs_etc
재수거 요청드립니다,cs_how_exch_rtgs_etc
수거진행 안되서요 진행부탁드립니다,cs_how_exch_rtgs_etc
재수거 접수하고 싶어요,cs_how_exch_rtgs_etc
회수 얼마나 걸리는데요,cs_how_exch_rtgs_etc
회수하는데 얼마나 걸릴까요,cs_how_exch_rtgs_etc
수거는 언제 하나요,cs_how_exch_rtgs_etc
회수가 왜 이루어지지 않는지 궁금합니다,cs_how_exch_rtgs_etc
판매자가 회수를 안해가고 있습니다,cs_how_exch_rtgs_etc
회수 신속하게 진행해주십시오,cs_how_exch_rtgs_etc
수거가 언제되나요,cs_how_exch_rtgs_etc
언제쯤 수거가 가능할까요,cs_how_exch_rtgs_etc
회수를 언제 해 가시는지 궁금합니다,cs_how_exch_rtgs_etc
수거가 늦네요,cs_how_exch_rtgs_etc
수거가 안되고 있어요,cs_how_exch_rtgs_etc
수거가 안되고 있습니다,cs_how_exch_rtgs_etc
수거 기사님이 안오십니다,cs_how_exch_rtgs_etc
택배에서 회수를 하러 안오네요,cs_how_exch_rtgs_etc
회수가 되지 않아 문의드려요,cs_how_exch_rtgs_etc
도대체 언제 수거합니까,cs_how_exch_rtgs_etc
회수해주세요,cs_how_exch_rtgs_etc
재회수 요청합니다,cs_how_exch_rtgs_etc
회수 신청은 어떻게 하는건가요,cs_how_exch_rtgs_etc
왜 회수 안해가요,cs_how_exch_rtgs_etc
언제 회수해요,cs_how_exch_rtgs_etc
택배사에서 회수해가지않고 있습니다,cs_how_exch_rtgs_etc
배송을 한번에 같이 해주실순 없나요,cs_how_inst
한 포장으로 같이 오나요,cs_how_inst
따로 주문했는데 같이 보내주세요,cs_how_inst
따로따로 주문했는데 같이 보내주세요,cs_how_inst
주문 2번 했는데요 같이 묶어서 배송해주시는 거 맞나요,cs_how_inst
같이 합배송 가능한가요,cs_how_inst
한번에 같이 합포장해서 보내주세요,cs_how_inst
합배송 요청합니다,cs_how_inst
추가 합배송 되나요,cs_how_inst
주문한 것을 합배송받고싶어요,cs_how_inst
지금 합배송 신청되나요,cs_how_inst
합배송 문의,cs_how_inst
물건을 합배송할 수 있는지 문의하려고 합니다,cs_how_inst
주문한 상품들을 한 번에 받을 수 있는지 알고 싶어요,cs_how_inst
합배송이 가능한지 여쭤보고 싶어요,cs_how_inst
여러 상품을 함께 받을 수 있는지 궁금해요,cs_how_inst
주문한 물건들을 한 번에 받을 수 있는지 확인하고 싶어요,cs_how_inst
상품들을 합쳐서 배송 가능한지 물어보려고 합니다,cs_how_inst
합배송으로 주문한 물건들을 받을 수 있는지 알려주세요,cs_how_inst
주문한 상품들을 모아서 받을 수 있는 방법이 있는지 알려주세요,cs_how_inst
여러 상품을 한 번에 받을 수 있는지 확인하려고 합니다,cs_how_inst
주문한 물건들을 합배송할 수 있는지 여쭤보고 싶어요,cs_how_inst
상품들을 합배송해서 받을 수 있는지 알려주세요,cs_how_inst
합배송으로 주문한 물건들을 받을 수 있는지 궁금해요,cs_how_inst
주문한 상품들을 한 번에 받을 수 있는 방법이 있는지 알려주세요,cs_how_inst
여러 상품을 함께 받을 수 있는지 확인하고 싶어요,cs_how_inst
상품들을 합쳐서 배송 가능한지 알려주세요,cs_how_inst
합배송으로 주문한 물건들을 받을 수 있는지 알려주세요,cs_how_inst
주문한 상품들을 모아서 받을 수 있는 방법이 있는지 알려주세요,cs_how_inst
여러 상품을 한 번에 받을 수 있는지 확인하려고 합니다,cs_how_inst
주문한 물건들을 합배송할 수 있는지 여쭤보고 싶어요,cs_how_inst
상품들을 합배송해서 받을 수 있는지 알려주세요,cs_how_inst
합배송이 안돼요,cs_how_inst
모두 합배송 부탁드립니다,cs_how_inst
묶음배송 문의드립니다,cs_how_inst
묶음배송 부탁해요,cs_how_inst
묶음 배송이 지원되는지 확인하려고 합니다,cs_how_inst
주문한 상품들을 묶어서 배송 가능한지 여쭤보고 싶어요,cs_how_inst
묶음 배송이 가능한지 알고 싶어요,cs_how_inst
묶음 배송으로 상품들을 받을 수 있는지 확인하려고 합니다,cs_how_inst
주문한 상품들을 묶어서 받을 수 있는 방법이 있는지 확인하고 싶어요,cs_how_inst
상품들을 묶어서 함께 받을 수 있는지 궁금해요,cs_how_inst
롯데마트 주문했는데 빠뜨린게 있어서 추가로 주문하연 합배송 가능한가요,cs_how_inst
추가 주문한 상품을 기존 주문한 것과 함께 받을 수 있는지 여쭤보려고 합니다,cs_how_inst
이전에 주문한 상품과 추가 주문한 상품을 합쳐서 배송받을 수 있는지 알아보려고 합니다,cs_how_inst
추가 주문한 상품을 이전 주문한 상품과 함께 받을 수 있는지 여쭤보고 싶어요,cs_how_inst
합배송을 원해요,cs_how_inst
그냥 합포장 해주세요,cs_how_inst
주문상품 합배송 부탁드립니다,cs_how_inst
추가 주문시 합배송 될까요,cs_how_inst
새로운 배송지로 재배송 되나요,cs_how_reorder
새로운 주소로 재배송하려면 어떻게 해,cs_how_reorder
새로운 주소로 재배송 해줘,cs_how_reorder
"미인도 알림톡을 받았는데, 어떻게 해야 하죠?",cs_how_reorder
마트에서 온 미인도 알림톡에 대한 정보를 얻고 싶어요,cs_how_reorder
"배송 미인도 알림톡을 받았는데, 재배송 신청 방법이 어떻게 되나요",cs_how_reorder
재배송을 받으려면 어떤 절차를 따라야 하나요,cs_how_reorder
배송 미인도 알림톡으로 재배송을 받을 수 있는 방법을 알고 싶어요,cs_how_reorder
신규배송지로 바꿔서 재배송 받는 법,cs_how_reorder
새 주소로 재배송을 받기 위해 어디로 문의해야 할까요,cs_how_reorder
"배송 미인도 알림톡을 받았는데, 재배송을 위한 안내가 궁금해요",cs_how_reorder
새 주소로 재배송을 받기 위한 절차가 궁금합니다,cs_how_reorder
"배송 미인도 알림톡을 받았는데, 새로운 주소로 재배송 신청하는 방법을 알려주세요",cs_how_reorder
"배송 미인도 알림톡을 받았는데, 새로운 주소로 재배송 받는 절차나 방법을 알고 싶어요",cs_how_reorder
"배송 미인도 알림톡을 받았는데, 새로운 주소로 재배송 받고 싶어요",cs_how_reorder
신규 주소로 재배송을 받기 위해 어떤 절차를 밟아야 하나요,cs_how_reorder
재배송을 신규 주소로 받으려면 어떻게 해야 하나요,cs_how_reorder
신규 주소로 재배송을 받을 수 있는 방법이 있을까요,cs_how_reorder
재배송을 신규 주소로 받기 위한 절차나 방법을 알려주세요,cs_how_reorder
"신규 주소로 재배송을 받고자 하는데, 어떻게 해야 할까요",cs_how_reorder
신규주소로 재배송받는 방법에 대해 문의드립니다,cs_how_reorder
"재배송을 신규 주소로 받고자 할 때, 변경 절차가 어떻게 되는지 궁금합니다",cs_how_reorder
재배송을 신규 주소로 변경하려면 어디로 문의해야 하나요,cs_how_reorder
신규 주소로 재배송을 받으려면 어떻게 해야 하나요,cs_how_reorder
미인도 알림톡 받았는데 재배송 접수 안하면 어떻게 되나요,cs_how_reorder
미인도 알림톡이 왔는데 어떻게 해야돼요,cs_how_reorder
새로운 주소로 다시 배송받고 싶은데 어떻게 해야 돼,cs_how_reorder
새 주소로 재배송 받으려면 어떻게 하는거야,cs_how_reorder
이번에 새 주소로 재배송 신청하려면 뭘 해야 되죠,cs_how_reorder
새 주소로 다시 배송 받으려면 어떻게 해야돼,cs_how_reorder
새로운 주소로 다시 배송 받으려면 어떤 절차를 밟아야 하나요,cs_how_reorder
새로운 주소로 재배송을 받기 위한 절차를 자세히 알려주세요,cs_how_reorder
새로운 주소로 재배송을 받기 위해서는 어디로 문의해야 하나요,cs_how_reorder
재배송을 받기 위해 새로운 주소를 등록하는 방법을 자세히 알려주세요,cs_how_reorder
"미인도 알림톡을 받았는데, 재배송을 받기 위해 어떻게 해야 하죠",cs_how_reorder
"미인도 알림톡을 받은 상태인데, 재배송을 받으려면 어떻게 해야 할까요",cs_how_reorder
"미인도 알림톡을 받았는데, 재배송을 받기 위한 방법이 어떻게 되나요",cs_how_reorder
"미인도 알림톡을 받았는데, 재배송을 받고 싶으면 어떻게 해야 하나요",cs_how_reorder
미인도 알림톡을 받았습니다. 재배송을 받고자 하면 어떻게 해야 할까요,cs_how_reorder
재배송을 받으려면 미인도 알림톡을 받은 후 어떤 절차를 밟아야 할까요,cs_how_reorder
미인도 알림톡을 받은 상황에서 재배송을 신청하려면 어떻게 해야 하나요,cs_how_reorder
재배송을 요청하려면 미인도 알림톡을 통해서 가능한가요,cs_how_reorder
"미인도 알림톡을 받았는데, 재배송 신청하면 되나요",cs_how_reorder
"미인도 알림톡을 받았는데, 재배송 신청하는 방법이 뭐가 있나요",cs_how_reorder
"미인도 알림톡을 받았는데, 재배송을 요청하는 절차를 알 수 있을까요",cs_how_reorder
"재배송을 원하는데, 미인도 알림톡을 통해 신청할 수 있는지 알고 싶어요",cs_how_reorder
"미인도 알림톡을 받았는데, 재배송을 신청할 수 있는 방법이 있나요",cs_how_reorder
미인도 알림톡이 왔는데 이게 뭐야,cs_how_reorder
미인도 알림톡이 왔는데 어떻게 해야 되는지 알려줘,cs_how_reorder
미인도 알림톡이 도대체 뭐죠,cs_how_reorder
포인트 사용했는데 바로 복구 되나요,cs_how_rfd
주문취소입금,cs_how_rfd
환불요청했는데 언제 될까요,cs_how_rfd
반품 입금은 언제됩니까,cs_how_rfd
취소한 거 환불 언제 돼,cs_how_rfd
취소환불 언제 돼,cs_how_rfd
취소환불 언제 되는지 알려줘,cs_how_rfd
취소 환불 언제 돼요,cs_how_rfd
반품 환불 아직인가요,cs_how_rfd
반품한거 언제 환불해주나요,cs_how_rfd
매장 픽업 환불,cs_how_rfd
포인트사용했을 때 구매취소하면 다시받을수있나요,cs_how_rfd
취소환불금,cs_how_rfd
스마트픽 상품 환불해주세요,cs_how_rfd
스마트픽으로 주문한 상품을 환불받고 싶어,cs_how_rfd
스마트픽한 상품이 있는데 환불하고 싶어요,cs_how_rfd
"주문실패 되었다고 메시지 받았는데, 카카오페이 환불은 언제 돼요",cs_how_rfd
"주문은 취소됐는데, 비용은 언제 환불되나요",cs_how_rfd
주문 취소된 상품비용은 언제 환불돼요,cs_how_rfd
품절 시 환불,cs_how_rfd
환불계좌는 어디서 알아볼수있나요,cs_how_rfd
저의 환불계좌를 알고 싶습니다,cs_how_rfd
엘포인트로 주문한 거 환불,cs_how_rfd
반품 후 엘포인트,cs_how_rfd
환불처리언제되나요,cs_how_rfd
환불예치금,cs_how_rfd
환불금 조회,cs_how_rfd
환불금,cs_how_rfd
환불 언제 되나요 넘 오래 걸리네요,cs_how_rfd
사용한 L포인트 다시 적립되나요,cs_how_rfd
환불은 언제 되는거죠,cs_how_rfd
포인트를 복구시켜주세요,cs_how_rfd
포인트 복구해주세요,cs_how_rfd
반품을 시켰는데 환불처리가 늦어서 문의드립니다 환불은 언제쯤 될까요,cs_how_rfd
반품하고 돈은 언제 입금이죠,cs_how_rfd
주문취소 엘포인트,cs_how_rfd
입금은 언제되는건지요,cs_how_rfd
취소했는데 입금이 안되네요,cs_how_rfd
주문 취소 후 롯데포인트 재사용,cs_how_rfd
주문 취소하면 롯데포인트 다시 사용할 수 있어,cs_how_rfd
취소한 지가 언젠데 환불이 안 되는거야,cs_how_rfd
취소한 지 언젠데 환불이 안 돼,cs_how_rfd
환불되려면 며칠 걸려,cs_how_rfd
반품 언제 환불,cs_how_rfd
반품한 거 언제 환불 돼,cs_how_rfd
환불당일입금,cs_how_rfd
환불입금시간,cs_how_rfd
반품 취소환불언제되나요,cs_how_rfd
반품완료된 건 왜 환불안해요,cs_how_rfd
환불신청 어떻게 할 수 있나요,cs_how_rfd
내주변픽업이란,cs_how_smp
백화점방문하여 수령 원합니다,cs_how_smp
백화점 방문수령,cs_how_smp
백화점 방문 수령 원해요,cs_how_smp
상품은 언제 픽업 가능한가요,cs_how_smp
주문한 것 조금 일찍 수령은 안되나요,cs_how_smp
스마트픽 조금 일찍 수령은 안될까요,cs_how_smp
내일 12시15분 부터 수령 가능 하다고 되어있는데 조금 일찍 수령은 안되나요,cs_how_smp
픽업 메시지가 안 와요,cs_how_smp
교환권이 안와요,cs_how_smp
픽업 문자가 안 와요,cs_how_smp
픽업문자가 안와요,cs_how_smp
교환증,cs_how_smp
내주변픽업 도착일,cs_how_smp
상품은 도착했다는데 스마트픽 교환증이 안 와요,cs_how_smp
상품은 도착했다는데 스마트픽 쿠폰은 안 옵니다. 상품 픽업을 할수 없습니다,cs_how_smp
스마트픽 쿠폰이 안 와서 상품 픽업을 못 해요,cs_how_smp
스마트픽쿠폰이 없어서 상품 픽업을 할수 없습니다,cs_how_smp
스마트픽쿠폰은 안 옵니다,cs_how_smp
픽업 어떻게 진행하나요,cs_how_smp
교환권은 언제 주나요,cs_how_smp
교환권은 어디있나요,cs_how_smp
배송 완료되었는데 교환권이 안 와요,cs_how_smp
상품 교환권이 언제 뜨나요,cs_how_smp
교환권 미발송,cs_how_smp
상품교환권 언제 오나요,cs_how_smp
교환증이 안왔어요,cs_how_smp
픽업서비스는 없나요,cs_how_smp
스마트픽은 언제 픽업할 수 있나요,cs_how_smp
언제 교환권 발행해 주나요,cs_how_smp
스마트픽 늦게 가지러 가도 되나요,cs_how_smp
스마트픽 픽업기한,cs_how_smp
매장 픽업,cs_how_smp
내주변픽업,cs_how_smp
내주변 픽업,cs_how_smp
슈퍼 스마트픽,cs_how_smp
마트 스마트픽,cs_how_smp
스마트픽으로 주문하면 언제까지 가야하나요,cs_how_smp
스마트픽 상품은 언제까지 보관해주나요,cs_how_smp
픽업지점은 어떻게 설정해,cs_how_smp
픽업제품인데 언제픽업 가능한가요,cs_how_smp
언제 픽업 가능 한가요,cs_how_smp
담당지점에 배송완료라고뜨는데 교환권은 언제 발급되나요,cs_how_smp
픽업 가도 되나요,cs_how_smp
아직도 교환권이 안나오네요,cs_how_smp
퇴근할때 픽업가는 서비스,cs_how_smp
상품을 매장에서 바로 받을 수 있나요,cs_how_smp
픽업문의,cs_how_smp
결제하고 매장 내방 수령 가능할까요,cs_how_smp
직접수령문의,cs_how_smp
이제품도 2시까지 주문하면 당일 발송인가요,cs_mart_dlv
몇시 전까지 주문건에 대하여 당일 발송인가요,cs_mart_dlv
몇시 주문까지 당일 발송인가요,cs_mart_dlv
당일 발송 시간은 어디서 확인하나요,cs_mart_dlv
당일 발송이 가능한 주문 시간은 어디까지인가요,cs_mart_dlv
오늘 발송 가능한 주문을 받을 수 있는 시간은,cs_mart_dlv
당일 발송되는 마감 시간이 언제인가요,cs_mart_dlv
당일 발송 가능한 주문 시간은 어느 시간까지인지 알려주세요,cs_mart_dlv
오늘 주문한 건이 당일 발송되려면 언제까지 주문해야 하나요,cs_mart_dlv
당일 출고되는 주문을 위한 마감 시간이 언제인가요,cs_mart_dlv
당일 발송이 가능한 주문 시간에 대해 알려주세요,cs_mart_dlv
당일 출고를 원한다면 어느 시간까지 주문해야 하나요,cs_mart_dlv
당일 출고를 위해서는 몇 시까지 주문해야 하죠,cs_mart_dlv
당일 발송 마감 시간이 어떻게 되나요,cs_mart_dlv
"당일 발송을 원할 때, 주문 가능한 시간대는 어떻게 되나요",cs_mart_dlv
당일 출고를 위해서는 언제까지 주문을 해야 하나요,cs_mart_dlv
당일 발송 주문은 언제 마감되나요,cs_mart_dlv
몇 시까지 주문하면 당일 발송이 가능한가요,cs_mart_dlv
당일 발송을 위한 주문 마감 시간은 몇 시인가요,cs_mart_dlv
몇 시까지 주문하면 오늘 출고 가능한가요,cs_mart_dlv
몇 시까지 주문하면 당일 발송이 되나요,cs_mart_dlv
몇 시 이전에 주문하면 오늘 발송되는 건가요,cs_mart_dlv
몇 시까지 주문하면 당일 발송 처리가 되는지 알려주세요,cs_mart_dlv
몇 시까지 주문하면 당일 출고가 가능한지 알려주세요,cs_mart_dlv
몇 시까지 주문하면 당일 발송이 되는지 알 수 있을까요,cs_mart_dlv
몇 시까지 주문하면 당일 발송 처리가 되나요,cs_mart_dlv
당일 발송을 원한다면 몇 시까지 주문해야 하나요,cs_mart_dlv
당일 발송을 희망한다면 몇 시까지 주문하면 되나요,cs_mart_dlv
당일 발송을 원하면 몇 시까지 주문해야 하는지 궁금합니다,cs_mart_dlv
당일 발송을 원하면 몇 시까지 주문하면 되는 건가요,cs_mart_dlv
당일 발송 시간은 어디서 확인할 수 있나요,cs_mart_dlv
당일 발송되는 시간을 확인할 수 있는 곳이 어딘지 알려주세요,cs_mart_dlv
당일 발송 가능한 시간대를 어떻게 확인할 수 있을까요,cs_mart_dlv
당일 발송 가능한 시간이 언제인지 확인하고 싶어요,cs_mart_dlv
당일 발송이 가능한 시간대를 확인하는 방법을 알고 싶어요,cs_mart_dlv
어떤 시간까지 주문하면 오늘 출고가 가능한지 알려주세요,cs_mart_dlv
마트의 배송 가능한 일자와 시간을 알고 싶은데요 ,cs_mart_dlv
마트의 배송 일정과 가능한 배송 시간을 알 수 있는 방법이 있나요,cs_mart_dlv
어느 시간까지 주문해야 오늘 출고가 될까요,cs_mart_dlv
오늘 발송을 원한다면 언제까지 주문해야 하나요,cs_mart_dlv
오늘 발송을 위해서는 몇 시까지 주문해야 하죠,cs_mart_dlv
주문을 언제까지 해야 오늘 발송이 되나요,cs_mart_dlv
오늘 출고를 위한 주문 마감 시간은 언제인가요,cs_mart_dlv
주문을 어느 시간까지 해야 오늘 발송 처리가 되나요,cs_mart_dlv
주문을 언제까지 하면 오늘 발송이 가능한가요,cs_mart_dlv
오늘 발송을 위한 주문 시간은 언제까지인가요,cs_mart_dlv
주문을 언제까지 하면 오늘 발송이 되는지 확인하고 싶어요,cs_mart_dlv
마트의 배송 시간을 확인하고 싶어요,cs_mart_dlv
마트의 배송 가능 시간을 알려주세요,cs_mart_dlv
마트의 배송 시간대를 알아보고 싶습니다,cs_mart_dlv
출고랑 배송일정 확인하고 싶습니다,cs_qry_dlv
배송약정일이 한참 지났는데 아직 안 왔어요,cs_qry_dlv
도착 일정 자세하게 안내해주세요,cs_qry_dlv
배송이 계속 미뤄지는 거 같은데 확인 좀 부탁해요,cs_qry_dlv
출고가 언제쯤 될까요,cs_qry_dlv
주문한 제품 언제쯤 올까요,cs_qry_dlv
주문한제품 언제와요,cs_qry_dlv
주문한 제품이 언제 오나요,cs_qry_dlv
상품이 언제 오는지 궁금해요,cs_qry_dlv
주문한 제품 오늘 오는지 봐줘,cs_qry_dlv
주문한 상품 내일 도착할까요,cs_qry_dlv
언제 배송받을 수 있는지 궁금해요,cs_qry_dlv
주문한거 오늘 오는지 확인 좀 해줘요,cs_qry_dlv
지금 주문하면 언제쯤 받을 수 있나요,cs_qry_dlv
주문상품이 언제 오나요,cs_qry_dlv
주문제품 언제쯤 배송되나요,cs_qry_dlv
주문한 상품은 언제 받을 수 있을까요,cs_qry_dlv
주문한 상품은 언제 받을수있나요,cs_qry_dlv
제품이 언제 오나요,cs_qry_dlv
제품이 오늘은 오나요,cs_qry_dlv
언제 받을수있어요,cs_qry_dlv
발송일정 부탁드려요,cs_qry_dlv
배송정보 미제공이 뭐야,cs_qry_dlv
배송정보 미제공이 뭐에요,cs_qry_dlv
배송정보 미제공,cs_qry_dlv
택배사에서 받아놓고 움직이질 않네요,cs_qry_dlv
배송약속일 지연,cs_qry_dlv
배송약정일 지연,cs_qry_dlv
배송약정일이 지났어요,cs_qry_dlv
배송약정일이었는데 지연됐어요,cs_qry_dlv
배송중인데 송장조회가 안돼요,cs_qry_dlv
상품지연에 대한 답변요함,cs_qry_dlv
언제 출고가 될까요,cs_qry_dlv
어디쯤 왔나요,cs_qry_dlv
택배비 관련,cs_qry_dlv
구매제품 배송,cs_qry_dlv
상품 언제와요,cs_qry_dlv
송장흐름이 없어요,cs_qry_dlv
상품지연,cs_qry_dlv
롯데온 배송비,cs_qry_dlv
택배비가 있나요,cs_qry_dlv
택배비용이 얼마인가요,cs_qry_dlv
아직도 출발전이네요,cs_qry_dlv
자체배송 조회,cs_qry_dlv
자체배송은 조회를 어떻게 하나요,cs_qry_dlv
정기배송 추가 금액 발생하는 거 없죠,cs_qry_dlv
정기배송 추가해줘,cs_qry_dlv
정기배송 카드로만 결제가능해,cs_qry_dlv
정기배송 카드로만 결제할 수 있어,cs_qry_dlv
정기배송 할부 결제 가능한가요,cs_qry_dlv
해외직구로 산 거 보여줘,cs_qry_ord
해외주문 한 거 보여줘,cs_qry_ord
최근배송내역 삭제,cs_qry_ord
마지막으로 구매한 상품 뭐야,cs_qry_ord
가장 최근에 주문했던 상품 뭐야,cs_qry_ord
더스트 쇼핑백 같이 동봉되나요,cs_qry_ord
구입한 날짜와 정확한 상품명 확인 부탁드립니다.,cs_qry_ord
주문상세보기는 어디에 있나요,cs_qry_ord
오래전 주문내역 확인 가능한가요,cs_qry_ord
오래전 주문 조회,cs_qry_ord
모바일에서 오래전 주문 조회 어디서 하나요?,cs_qry_ord
모바일에서 구주문 조회 어디서 하나요?,cs_qry_ord
주문내역삭제했는데 삭제 취소하고 싶어요,cs_qry_ord
주문삭제 했는데 취소해주세요,cs_qry_ord
주문 내역 삭제 취소,cs_qry_ord
구입 내역,cs_qry_ord
구입 기록,cs_qry_ord
쇼핑백 동봉,cs_qry_ord
오늘 장본 거,cs_qry_ord
오늘 장 본 내역 알려줘,cs_qry_ord
장 본 내역,cs_qry_ord
주문배송내역이 삭제되면 어떻게 하나요,cs_qry_ord
이전 거래내역을 메일로 받을수는 없나요,cs_qry_ord
주문번호가 삭제되었는데 복구 가능할까요,cs_qry_ord
실수로 주문내역이 삭제되었어요,cs_qry_ord
삭제한 주문내역 결제취소 되나요,cs_qry_ord
구매내역 복원가능 한가요,cs_qry_ord
2018년에 구입한 제품은 확인이 안되는데 as는 어떻게 해야되는 건가요,cs_qry_ord
주문한거 보여줘요,cs_qry_ord
주문한거 보여주세요,cs_qry_ord
나의 주문 내역,cs_qry_ord
나의 주문 내역 보여줘,cs_qry_ord
이전에 주문한 내역은 어디서 보나요,cs_qry_ord
이전에 구매한 내역,cs_qry_ord
이전에 주문한 내역,cs_qry_ord
배송된거 보여줘,cs_qry_ord
배송완료된 것 보여줘,cs_qry_ord
배송완료된 것 있나요,cs_qry_ord
작년 배송된 상품은 검색 안될까요,cs_qry_ord
마이 쇼핑내역 작년것 검색하려면요,cs_qry_ord
작년이나 조금 지난 주문 조회는 어떻게 해야되나요,cs_qry_ord
롯데마트 구매상품,cs_qry_ord
어디서 구매내역을 볼 수 있을까요,cs_qry_ord
어디서 구매내역을 보죠,cs_qry_ord
어디로 가야 구매내역을 확인할 수 있나요,cs_qry_ord
무이자 N개월로 결제 되었는지 확인부탁드립니다,cs_qry_ord
롯데닷컴 주문/배송내역 보여줘,cs_qry_ord
내가 구매한 목록은 어디를 가야 볼 수 있나요,cs_qry_ord
내 구매내역 보여줘,cs_qry_ord
주문/배송 상세 보여줘,cs_qry_ord
반품하려고하는데 주문내역이 안떠요,cs_qry_ord_de
주문했는데 홈페이지에 주문내역이 없어요,cs_qry_ord_de
주문내역이 없어요,cs_qry_ord_de
소셜 간편회원으로 주문한 것을 확인하려면 어떻게 해야하나요,cs_qry_ord_de
왜 구매이력이 존재 하지 않나요?,cs_qry_ord_de
롯데온으로 구매한 이력이 없다는데 확인부탁드려요,cs_qry_ord_de
결제한 내역이 없어졌다구요,cs_qry_ord_de
구입한 상품이 내역이 없습니다,cs_qry_ord_de
주문내용이 없어졌어요,cs_qry_ord_de
구매내역 검색안됨,cs_qry_ord_de
주문내역이 누락,cs_qry_ord_de
상품을 주문했는데 주문내역에 없어요,cs_qry_ord_de
주문한 상품 이력이 안 뜨나요,cs_qry_ord_de
구매내역에 안 나와요,cs_qry_ord_de
주문한 내역이 없네요,cs_qry_ord_de
주문한 상품이 검색 안돼요,cs_qry_ord_de
구매목록에 안 나와요,cs_qry_ord_de
주문했는데 내역이 없다고 나와요,cs_qry_ord_de
결제했는데 조회가 안 되네요,cs_qry_ord_de
결제했는데 조회가 뜨질 않네요,cs_qry_ord_de
방금 구매한 상품조회가 되질 않아요,cs_qry_ord_de
주문내역 확인이 안됩니다,cs_qry_ord_de
주문 조회가 안되네요,cs_qry_ord_de
구매내역이 없습니다,cs_qry_ord_de
주문조회가 안됩니다,cs_qry_ord_de
주문내역이 없다고 하는데 어떻게 되었나요,cs_qry_ord_de
물건을 구매했는데 안 보여요,cs_qry_ord_de
결제했는데 주문내역에 없어요,cs_qry_ord_de
결제했는데 보이지 않아요,cs_qry_ord_de
어제 주문한 내역이 보이지 않아요,cs_qry_ord_de
주문배송내역이 없다고 뜨네요,cs_qry_ord_de
어제 주문건 주문내역에 없네요,cs_qry_ord_de
롯데on 상품 구매했는데 주문내역이 안 보여,cs_qry_ord_de
주문내역 확인 오류,cs_qry_ord_de
구매내역 확인 오류,cs_qry_ord_de
주문내역 확인이 안 돼요,cs_qry_ord_de
구매내역 확인이 안 돼요,cs_qry_ord_de
카카오톡 계정 주문내역,cs_qry_ord_de
페이스북 계정 주문내역,cs_qry_ord_de
카카오톡 주문내역,cs_qry_ord_de
네이버 주문내역,cs_qry_ord_de
주문내역이 없는데,cs_qry_ord_de
주문내역이 없는데 어떻게하나요?,cs_qry_ord_de
주문상품목록에 해당 상품이 없어요,cs_qry_ord_de
주문했는데 내역에는 없다고 뜨네요,cs_qry_ord_de
주문내역이없다고 떠요,cs_qry_ord_de
주문내역이 없다고 뜨는데 조회 부탁드려요,cs_qry_ord_de
상품이 배송되었다고 하는데 주문내역에는 없네요,cs_qry_ord_de
주문 기록이 확인되지 않아요,cs_qry_ord_de
주문 내역이 확인되지 않아요,cs_qry_ord_de
배송완료가 안떠서 반품신청을 못하고 있어요,cs_regchg_gen
배송이 완료 되었는데 배송중으로 나와 반품신청이 불가능합니다,cs_regchg_gen
기본배송지,cs_regchg_gen
보내는사람 받는사람동명으로 부탁드립니다,cs_regchg_gen
받는사람이름을 변경하고 싶어요,cs_regchg_gen
이미 배송됐는데 배송완료라고 안뜨네요,cs_regchg_gen
현장수령 변경 되나요,cs_regchg_gen
현장수령으로 변경 가능할까요,cs_regchg_gen
현장 수령으로 변경할 수 있나요,cs_regchg_gen
한타임 앞 배송해 주시면 더 좋습니다,cs_regchg_gen
받은분 전화를 수정할 수 있습니까,cs_regchg_gen
구매연장은 어떻게,cs_regchg_gen
구매연장 어디에서,cs_regchg_gen
시간 변경하려고 하는데 시간 변경이 안되네요,cs_regchg_gen
시간 변경하고 싶어요,cs_regchg_gen
시간변경가능한가요,cs_regchg_gen
확정 연장,cs_regchg_gen
방문수령으로 변경,cs_regchg_gen
방문수령으로 변경하고 싶어요,cs_regchg_gen
베송지변경,cs_regchg_gen
휴대전화번호 변경,cs_regchg_gen
상품이 왔는데 수령확인은 어떻게 하나요,cs_regchg_gen
픽업으로 변경할 수 있을까요,cs_regchg_gen
배송받았는데 계속 배송중이에요,cs_regchg_gen
배송받았는데 배송중,cs_regchg_gen
시간 변경해주세요,cs_regchg_gen
오늘 마지막 시간으로 변경,cs_regchg_gen
시간변경 어떻게 하죠,cs_regchg_gen
시간변경,cs_regchg_gen
이거 배송 좀 미룰 수 있나요,cs_regchg_gen
제 전화번호가 잘못 입력되어 있는 것 같아요,cs_regchg_gen
수령지 전환,cs_regchg_gen
수령지변경,cs_regchg_gen
시간 변경 안되나요,cs_regchg_gen
당일배송상품 픽업변경가능할까요,cs_regchg_gen
수령방법 바꾸고 싶어요,cs_regchg_gen
픽업으로 바꾸고 싶어요,cs_regchg_gen
픽업으로 변경,cs_regchg_gen
배송지수정을 하고 싶어요,cs_regchg_gen
배송지 변경하고 싶어요,cs_regchg_gen
배송시간 변경이요,cs_regchg_gen
배송시간변경,cs_regchg_gen
배송 정보 수정가능한가요,cs_regchg_gen
배송 전번 수정가능한가요,cs_regchg_gen
설치상품 정보 바꿀래,cs_regchg_gen
설치상품 정보 변경,cs_regchg_gen
배송지수정 가능한지요,cs_regchg_gen
구메확정합니다,cs_regchg_gen
환불계좌어디로보내주시나요,cs_regchg_gen
시간변경하려고했는데 시간변경이 안되네요,cs_regchg_gen
픽업 불가,cs_regchg_smp
스마트픽 방문시간 변경,cs_regchg_smp
픽업불가,cs_regchg_smp
매장픽업상품 날짜 미루고싶어서요,cs_regchg_smp
스마트픽 교환예정일 변경,cs_regchg_smp
스마트픽 픽업예정일 변경,cs_regchg_smp
백화점 픽업 하루만 미룰 수 있나요,cs_regchg_smp
스마트픽 픽업날짜 변경할 수 있나요,cs_regchg_smp
스마트픽 주문상품 픽업날짜 변경,cs_regchg_smp
스마트픽 주문 상품 픽업일 변경,cs_regchg_smp
수요일로 픽업일자 바꿀 수 있나요,cs_regchg_smp
상품 수령했어요 픽업일 등록해주세요,cs_regchg_smp
배송중인 스마트픽 수령하였으니 배송완료 처리 해주세요,cs_regchg_smp
다른날짜에 픽업 가능한가요,cs_regchg_smp
픽업일 바꾸고싶어,cs_regchg_smp
픽업일 바꾸는거 가능할까요,cs_regchg_smp
픽업일 바꿀 수 있나요,cs_regchg_smp
픽업일 바꿀 수 있어,cs_regchg_smp
픽업일 바꿀 수 있을까요,cs_regchg_smp
픽업일 바꿔줘,cs_regchg_smp
스마트픽 방문날짜 바꾸고 싶습니다,cs_regchg_smp
스마트픽 방문날짜 바꿀 수 있을까요,cs_regchg_smp
스마트픽 방문일자 변경 가능할까요,cs_regchg_smp
스마트픽 방문일자 변경하고싶습니다,cs_regchg_smp
스마트픽 방문일자 변경해주세요,cs_regchg_smp
스마트픽 주문 건 날짜 변경해줘,cs_regchg_smp
스마트픽 주문한거 날짜 변경가능해,cs_regchg_smp
스마트픽 픽업 예정일을 변경하고 싶어요,cs_regchg_smp
스마트픽 픽업일 바꾸고 싶습니다,cs_regchg_smp
스마트픽 픽업일 바꾸고싶어,cs_regchg_smp
스마트픽 픽업일 바꾸는거 가능할까요,cs_regchg_smp
스마트픽 픽업일 바꿀 수 있나요,cs_regchg_smp
스마트픽 픽업일 바꿀 수 있을까요,cs_regchg_smp
스마트픽 픽업일 변경,cs_regchg_smp
스마트픽 픽업일 변경 가능할까요,cs_regchg_smp
스마트픽 픽업일 변경하고 싶습니다,cs_regchg_smp
스마트픽 픽업일 변경하고싶어,cs_regchg_smp
픽업일 변경,cs_regchg_smp
픽업일 변경 가능할까요,cs_regchg_smp
픽업일 변경은 어떻게 하나요,cs_regchg_smp
픽업일 변경하고 싶습니다,cs_regchg_smp
픽업일 변경하고싶어,cs_regchg_smp
픽업일 변경할 수 있나요,cs_regchg_smp
픽업일 변경할 수 있을까요,cs_regchg_smp
픽업일 변경할래,cs_regchg_smp
스마트픽 픽업일 변경할래,cs_regchg_smp
픽업일 어디서 변경할 수 있나요,cs_regchg_smp
픽업일은 어디서 바꿀 수 있을까요,cs_regchg_smp
픽업일자 8일로 변경해주세요,cs_regchg_smp
픽업일자 8일에서 10일로 변경이 가능한가요,cs_regchg_smp
판매자가 회수를 보류했는데 왜일까요,cs_sgt_exchrtgs
회수보류가 뭐야,cs_sgt_exchrtgs
회수보류 사유가 궁금해요,cs_sgt_exchrtgs
교환지연이 오래 걸리나 봅니다,cs_sgt_exchrtgs
그래서 보류가 떴는데 어떻게 해야할까요,cs_sgt_exchrtgs
교환/반품 보류인데 어떻게 하나요,cs_sgt_exchrtgs
교환 보류 되었다는데요,cs_sgt_exchrtgs
반품이 왜 보류되나요,cs_sgt_exchrtgs
회수보류,cs_sgt_exchrtgs
반품 결제비 내야돼요,cs_sgt_exchrtgs
반품 결제비가 나왔어요,cs_sgt_exchrtgs
가까운 매장에서 교환할 수 있을까요,cs_sgt_exchrtgs
오프라인매장에서 교환 할 수 있어,cs_sgt_exchrtgs
회수 보류는 어떤 의미인가요,cs_sgt_exchrtgs
반품상품 배송조회 할래,cs_sgt_exchrtgs
교환상품 배송조회 할래,cs_sgt_exchrtgs
교환상품 배송조회 할게요,cs_sgt_exchrtgs
구매확정 한거 교환되는지 확인 좀 해주세요,cs_sgt_exchrtgs
구매확정 한거 교환되나요,cs_sgt_exchrtgs
구매확정을 했는데 반품 되나요,cs_sgt_exchrtgs
반품 결제비가 뭐에요,cs_sgt_exchrtgs
상품 회수 됐는데 어떻게 진행중인가요 상황 알려주세요,cs_sgt_exchrtgs
상품 회수 됐는데 어떻게 진행 중인지 교환 상황 알려주세요,cs_sgt_exchrtgs
"반품배송비는 따로 결제해야하나요, 아님 환불금액에서 빼고 주시나요",cs_sgt_exchrtgs
반품접수했는데 반품배송비는 따로 결제하나요,cs_sgt_exchrtgs
교환 요청건 처리가 어떻게 되고 있는지 알려주세요,cs_sgt_exchrtgs
교환 요청건 처리 어떻게 되고 있나요,cs_sgt_exchrtgs
왜 판매자 회수보류 된거죠,cs_sgt_exchrtgs
왜 판매자 회수보류라고 하는지 궁금해요,cs_sgt_exchrtgs
반품 회수주소 변경할래,cs_sgt_exchrtgs
반품 회수 주소 변경할게요,cs_sgt_exchrtgs
상품을 교환했는데 또 같은 색상이 왔네요,cs_sgt_exchrtgs
교환사유에다가 S사이즈로 변경이라고 적어놨는데 M사이즈가 왔어요,cs_sgt_exchrtgs
교환 신청 후 과정 알려주세요,cs_sgt_exchrtgs
반품 과정 알려주세요,cs_sgt_exchrtgs
제품하자로 반품 요청합니다,cs_sgt_exchrtgs
왜 아직까지 반품처리가 안되는지,cs_sgt_exchrtgs
사이즈가 커서 반품하려구요,cs_sgt_exchrtgs
물건 하자로 반품 신청했는데 반품비가 왜 있죠,cs_sgt_exchrtgs
상품상태 너무 좋지 않아 반품하고 싶습니다,cs_sgt_exchrtgs
맛변경요청,cs_sgt_exchrtgs
반품접수했더니 택배비가 부과되는데 입금을 따로해야하나요,cs_sgt_exchrtgs
온마일리지 교환 취소,cs_sgt_exchrtgs
교환문의드려요,cs_sgt_exchrtgs
반품 합포장,cs_sgt_exchrtgs
배송 완료된 건 반품 접수,cs_sgt_exchrtgs
사이즈 교환 신청합니다.,cs_sgt_exchrtgs
혹시 색상 변경 지금 가능할까요,cs_sgt_exchrtgs
맞교환은 안되는가요 언제쯤 받을수있는지 알고싶습니다.,cs_sgt_exchrtgs
지금 주문한거 사이즈 변경 되나요,cs_sgt_exchrtgs
부분취소환불이요,cs_sgt_rfd_repay
부분취소처리 알고싶어요,cs_sgt_rfd_repay
재결제 진행은 어떻게 하나요,cs_sgt_rfd_repay
취소하는데 재결제가 떠서요,cs_sgt_rfd_repay
재결제 하려고 하는데요,cs_sgt_rfd_repay
왜 내 돈 두번 가져가,cs_sgt_rfd_repay
재결제 요청합니다,cs_sgt_rfd_repay
취소했는데 왜 재결제가 되나요,cs_sgt_rfd_repay
전체취소 아니고 부분취소라 결제 다시 하는건가요,cs_sgt_rfd_repay
반품인데 왜 또 결제가 필요한가요,cs_sgt_rfd_repay
반품해달라니까 또 결제하래,cs_sgt_rfd_repay
전체취소 아니고 부분취소라 결제 다시 하는건가요,cs_sgt_rfd_repay
주문 취소하려면 결제 또 해야돼,cs_sgt_rfd_repay
주문취소에 결제가 왜 필요해,cs_sgt_rfd_repay
결제만 두번됐어요,cs_sgt_rfd_repay
환불을 해줘야지 왜 돈을 받아가,cs_sgt_rfd_repay
환불은 안해주고 돈을 또 받아가,cs_sgt_rfd_repay
취소했는데 결제만 두번 됐네요,cs_sgt_rfd_repay
왜 돈만 두번 받으려고해,cs_sgt_rfd_repay
하라는 취소는 안하고 결제만 두번하게 만들어,cs_sgt_rfd_repay
왜 다시 결제해야하나요,cs_sgt_rfd_repay
다시 결제 왜 해야하는거죠,cs_sgt_rfd_repay
다시 결제하라는데요,cs_sgt_rfd_repay
왜 중복으로 결제하라고해,cs_sgt_rfd_repay
다시 결제하라고 나옵니다,cs_sgt_rfd_repay
다시 결제 하라는데 뭐죠,cs_sgt_rfd_repay
다시 결제 하라고 하는데 뭔가요,cs_sgt_rfd_repay
다시 결제하라고 합니다 어떻게 해야하나요,cs_sgt_rfd_repay
주문취소하니까 재결제라고 나오네요,cs_sgt_rfd_repay
주문 취소했는데 재결제가 되었다고 나오는데 뭐죠,cs_sgt_rfd_repay
주문 취소하니까 재결제가 되었다고 나오는데 확인해주세요,cs_sgt_rfd_repay
주문 취소했는데 재결제가 되었어요,cs_sgt_rfd_repay
환불을 해야 되는데 왜 재결제가 되죠,cs_sgt_rfd_repay
재결제가 뭐야,cs_sgt_rfd_repay
재결제를 왜 해야합니까,cs_sgt_rfd_repay
왜 결제 두번이나해,cs_sgt_rfd_repay
결제 왜 두번이나 해,cs_sgt_rfd_repay
취소해야되는데 돈만 빠져나갔어요,cs_sgt_rfd_repay
취소하려는데 왜 다시 결제를 하나요,cs_sgt_rfd_repay
취소하려는데 결제를 다시 하래요,cs_sgt_rfd_repay
취소하려는데 다시 결제하래요,cs_sgt_rfd_repay
취소하는데 돈을 왜 내라고해요,cs_sgt_rfd_repay
취소하는데 왜 또 돈을 내라고 하나요,cs_sgt_rfd_repay
취소하는데 왜 돈을 냅니까,cs_sgt_rfd_repay
취소하는데 결제하라고 떠요,cs_sgt_rfd_repay
취소를 했는데 왜 결제가 됐죠,cs_sgt_rfd_repay
취소를 했는데 결제가 된건 왜죠,cs_sgt_rfd_repay
취소하는데 결제를 왜 하나요,cs_sgt_rfd_repay
취소하는데 왜 결제를 하라고 나오는건가요,cs_sgt_rfd_repay
취소하는데 결제창이 왜 뜨나요,cs_sgt_rfd_repay
다른 집으로 배송이 된 것 같아요,faq_dsat_dlv
박스 훼손이 심하게 되어서 왔네요,faq_dsat_dlv
박스 겉에가 훼손되어서 왔어요,faq_dsat_dlv
주문한 얼음이 녹았네요,faq_dsat_dlv
주문 얼음이 다 녹아서 왔네요,faq_dsat_dlv
물건 받았는데 포장 찢어진 상태에서 테잎을 붙여서 받았습니다,faq_dsat_dlv
매번 택배를 그냥 집 문 밖에 놓고만 가시는데 왜그런가요,faq_dsat_dlv
기사님이 전화를 안 받아요,faq_dsat_dlv
택배박스가 파손되었네요,faq_dsat_dlv
택배박스가 열려있습니다,faq_dsat_dlv
택배박스가 찢어졌어요,faq_dsat_dlv
포장이 찢어졌어요,faq_dsat_dlv
배송메모에 배송전 연락해달라고 했는데 연락이 없었습니다,faq_dsat_dlv
택배상자가 파손된 상태로 왔네요,faq_dsat_dlv
택배상자가 찢어져서 왔어요,faq_dsat_dlv
문앞에 놓고가서 배송 온줄 모르고 기다렸어요,faq_dsat_dlv
택배를 그냥 집 문 밖에 놓고만 가네요,faq_dsat_dlv
아무 연락 없었는데 언제 도착했다는 건가요,faq_dsat_dlv
박스가 훼손되었어요,faq_dsat_dlv
배송된 물건 포장 상태가 불량이었어요,faq_dsat_dlv
배송받았는데 깨져서 왔어요,faq_dsat_dlv
뚜껑이 열려 있어서 흘러서 왔어요,faq_dsat_dlv
보냉백 없이 배송이 왔어요,faq_dsat_dlv
배송 파손,faq_dsat_dlv
배송 기사님은 벨 누르고 물건 두고 가버렸네요,faq_dsat_dlv
냉동식품이 다 녹아서 왔습니다,faq_dsat_dlv
배송 전 연락 부탁 드렸는데 연락도 없이 상품을 현관 앞에 놓고 가셨네요,faq_dsat_dlv
배송 기사 분이 연락 없이 갑자기 오셨어요,faq_dsat_dlv
상품이 훼손된 채로 도착했어요,faq_dsat_dlv
상품이 훼손된 채로 왔는데 어떻게 하나요,faq_dsat_dlv
배송 도중에 상품이 파손되었어요,faq_dsat_dlv
"배송 중에 상품이 파손되었는데요, 보상이나 교환에 대해 알려주세요",faq_dsat_dlv
배송 기사가 말도 없이 물건을 버리듯 던지고 갔어요,faq_dsat_dlv
상품이 훼손된 채로 도착했는데 어떻게 하실 건가요,faq_dsat_dlv
상품이 도착했는데 포장 상태가 엉망이에요,faq_dsat_dlv
배송기사가 주소를 잘못 찾아와서 시간을 낭비했어요,faq_dsat_dlv
상품이 다 부서졌다고,faq_dsat_dlv
박스가 다 찢어졌어 어떡할거야,faq_dsat_dlv
상품이 파손된 채로 도착했는데요,faq_dsat_dlv
받은 상품이 완전히 망가졌어요,faq_dsat_dlv
배송 기사 분이 물건을 던지고 가셨어요,faq_dsat_dlv
오늘 같은 상품이 한 번 더 도착했어요,faq_dsat_dlv
오늘 똑같은 상품이 두번 배송왔어,faq_dsat_dlv
배송 기사님이 물건 두고 가버렸네요,faq_dsat_dlv
배송 중에 상품이 망가진거 어떻게 할거에요,faq_dsat_dlv
상품수령 했는데 반품처리가 되어있습니다,faq_dsat_dlv
취소 신청했는데 배송이 완료됐습니다,faq_dsat_dlv
주문취소했는데 배송 되었네요,faq_dsat_dlv
취소 요청한 상품인데 배송되었어요,faq_dsat_dlv
오전에 취소했는데 택배가 발송되었네요,faq_dsat_dlv
두개를 주문했는데 하나밖에 안왔어요,faq_dsat_dlv_nrcv
사은품 안 보내셨어요,faq_dsat_dlv_nrcv
결품문의,faq_dsat_dlv_nrcv
미배송 환불,faq_dsat_dlv_nrcv
배송완료가 아닌데 왜 배송완료로 카톡이 오나요,faq_dsat_dlv_nrcv
배송이 안되었는데요,faq_dsat_dlv_nrcv
"제품은 판매금지이고, 휴일에 배송완료되엇다고 팝업이 뜨고 어떻게 된건가요",faq_dsat_dlv_nrcv
상품 하나 못 받았어요,faq_dsat_dlv_nrcv
물건주문을 여러개 했는데 한 종류밖에 안 왔어요,faq_dsat_dlv_nrcv
상품을 분실한 것 같아요,faq_dsat_dlv_nrcv
물품이 분실됐나요,faq_dsat_dlv_nrcv
미배송상품 문의,faq_dsat_dlv_nrcv
물건을 찾아주세요,faq_dsat_dlv_nrcv
배송도 안되었는데 배송완료가 뜨네요,faq_dsat_dlv_nrcv
주문한 상품을 받지 않았습니다,faq_dsat_dlv_nrcv
물건 일부가 오지 않아 환불 요청합니다,faq_dsat_dlv_nrcv
상품 수량이 맞지 않아요,faq_dsat_dlv_nrcv
일부상품 누락에 대한 해결책은 없나요,faq_dsat_dlv_nrcv
상품이 배송되지 않았어요,faq_dsat_dlv_nrcv
배송이 안 된 상품이 있어요,faq_dsat_dlv_nrcv
배송이 안된상품이 있습니다,faq_dsat_dlv_nrcv
상품이 도착하지 않았어요,faq_dsat_dlv_nrcv
물건도착이 안되었습니다,faq_dsat_dlv_nrcv
주문한상품을받지못해서요,faq_dsat_dlv_nrcv
상품이 안왔습니다,faq_dsat_dlv_nrcv
물건없음,faq_dsat_dlv_nrcv
물건이 도착하지않았어요,faq_dsat_dlv_nrcv
미수령상태이고 취소하고 싶어요,faq_dsat_dlv_nrcv
물건오지않았습니다,faq_dsat_dlv_nrcv
상품을 받지 못함,faq_dsat_dlv_nrcv
상품이도착안했는데 배송완료라고 뜹니다,faq_dsat_dlv_nrcv
주문에 누락상품,faq_dsat_dlv_nrcv
물건이 오질 않았어요,faq_dsat_dlv_nrcv
상품 도착안했는데 배송완료로 나와요,faq_dsat_dlv_nrcv
배송상품 누락되어 문의드려요,faq_dsat_dlv_nrcv
남의 집에 배송됐어요.,faq_dsat_dlv_nrcv
주문한데로 상품이 안왔어요,faq_dsat_dlv_nrcv
배송이안되었는데배송완료인거죠,faq_dsat_dlv_nrcv
미수령사고,faq_dsat_dlv_nrcv
물건 미확인,faq_dsat_dlv_nrcv
주문한 상품이 없네요,faq_dsat_dlv_nrcv
대리인 받은사람 없습니다,faq_dsat_dlv_nrcv
물건을 어디다 놓고 갔냐고,faq_dsat_dlv_nrcv
물건이 덜 온건 어디로 가나요,faq_dsat_dlv_nrcv
배송미인도,faq_dsat_dlv_nrcv
미수령택배,faq_dsat_dlv_nrcv
제품미수령했는데 어떡하죠,faq_dsat_dlv_nrcv
미배송 입니다,faq_dsat_dlv_nrcv
배송이 되지 않았으니 확인 바랍니다,faq_dsat_dlv_nrcv
미배송 이라구요,faq_dsat_dlv_nrcv
미수령 신고 조회 방법,faq_dsat_dlv_nri
"상품 하나 안 온 거 신고했는데, 어떻게 진행되고 있나요",faq_dsat_dlv_nri
배송상품 못 받은 거 신고했는데요,faq_dsat_dlv_nri
"못 받은 배송 물품 신고했는데, 이제 어떡해요",faq_dsat_dlv_nri
주문한 제품 미수령 처리했는데 어떻게 되고 있는건가요,faq_dsat_dlv_nri
미배송 신고했는데 처리는 어떻게 되는 거죠,faq_dsat_dlv_nri
미수령 신고 접수 했어,faq_dsat_dlv_nri
미수령 신고 후,faq_dsat_dlv_nri
"미수령 신고 했는데, 이제 어떻게 해?",faq_dsat_dlv_nri
미수령 신고 후 어떻게 진행돼,faq_dsat_dlv_nri
미수령 신고 후 진행,faq_dsat_dlv_nri
미수령 신고 조회하는 방법,faq_dsat_dlv_nri
미수령 신고 조회,faq_dsat_dlv_nri
미수령 신고 후는 어떻게 처리돼,faq_dsat_dlv_nri
미수령 신고 이후에는 어떻게 해,faq_dsat_dlv_nri
미수령 신고 했는데 답이 없어,faq_dsat_dlv_nri
미수령 신고 확인해주세요,faq_dsat_dlv_nri
배송완료 된건 미수령신고했는데 왜 처리 안해주세요,faq_dsat_dlv_nri
미수령신고 접수건에 어떻게 진행되고 있는지 궁금합니다,faq_dsat_dlv_nri
미수령 신고후 조치가 이뤄지지 않고 있습니다,faq_dsat_dlv_nri
"미수령 신고했는데, 답변이 없네요",faq_dsat_dlv_nri
미수령 신고 조회 방법,faq_dsat_dlv_nri
미수령 신고 했는데요,faq_dsat_dlv_nri
미수령 신고 확인 후 처리 바랍니다,faq_dsat_dlv_nri
저번주에 미수령 신고 했었고 상품 보내 주신다고 했었는데 아직 못받은 상태에서 구매 확정 된거 같아요,faq_dsat_dlv_nri
미수령 상품 신고,faq_dsat_dlv_nri
미수령 신고 접수 관련 질문 있어요,faq_dsat_dlv_nri
미수령 신고한 제품이 오지 않았습니다,faq_dsat_dlv_nri
미수령 현황,faq_dsat_dlv_nri
미수령 건 확인 부탁드립니다,faq_dsat_dlv_nri
미수령신고 해놨는데 아무런 답이 없네요,faq_dsat_dlv_nri
미수령제품 신고해뒀는데 확인이 안되서요,faq_dsat_dlv_nri
제품 배송완료 톡이 왔는데 물건이 도착하지 않아 미수령신고 했는데요,faq_dsat_dlv_nri
미수령 신고하였는데 잘 처리 되었는지 확인 요청드립니다,faq_dsat_dlv_nri
미수령 신고 현황 조회는 어떻게 해,faq_dsat_dlv_nri
미수령 신고한 거 확인하고 싶으면 어디로 가,faq_dsat_dlv_nri
미수령 신고 했고 아직 안오고 있다구요,faq_dsat_dlv_nri
미수령신고내역 보여줘,faq_dsat_dlv_nri
미수령 접수 후 갑자기 배송 완료 메시지를 받았습니다,faq_dsat_dlv_nri
미수령 확인해줘,faq_dsat_dlv_nri
미수령 신고 내역,faq_dsat_dlv_nri
미수령 신고 현황,faq_dsat_dlv_nri
미수령 신고 했어요,faq_dsat_dlv_nri
미수령 신고 방금 했습니다,faq_dsat_dlv_nri
상품 받지 못해 미수령 신고 했는데 왜 답이 없죠,faq_dsat_dlv_nri
미수령 신고한 상태이며 환불 처리 하려고 합니다,faq_dsat_dlv_nri
주문 상품이 안와서 미수령신고 했는데 이후 어떤 상황인지 확인이 안되네요,faq_dsat_dlv_nri
미수령신고한 제품 못 받았습니다. 어떻게 하면 되나요,faq_dsat_dlv_nri
미수령했는데 배송완료돼 있는데 어떻게 된건지,faq_dsat_dlv_nri
미수령 신고접수 했는데 확인되었을까요,faq_dsat_dlv_nri
베이지 주문했는데 카키가 왔어요,faq_dsat_exch
다른 상품 배송,faq_dsat_exch
다른상품이 배송됐는데 어떻게 해야되죠?,faq_dsat_exch
색이 바뀌어왔어요,faq_dsat_exch
배송착오,faq_dsat_exch
오배송 되었는데 교환 가능 할까요,faq_dsat_exch
엉뚱한 상품이 왔습니다,faq_dsat_exch
주문 안한 상품이 왔는데요,faq_dsat_exch
제품손상,faq_dsat_exch
상품을 받았는데 파손되어 있습니다,faq_dsat_exch
사이즈 오류배송,faq_dsat_exch
상품에 기스가 나있네요,faq_dsat_exch
배송받았는데 주문내역과 다릅니다,faq_dsat_exch
상품을 받았는데 상태가 좋지않아요,faq_dsat_exch
상품이 파손 되어 왔어요,faq_dsat_exch
제품이 다 녹았어요,faq_dsat_exch
배송 온 제품이 다 썩음,faq_dsat_exch
사이즈 착오배송,faq_dsat_exch
다른상품 배송됨,faq_dsat_exch
지금 구매 확정 하려고 하니 다른 상품이 왔네요,faq_dsat_exch
오배송 문의합니다,faq_dsat_exch
상했습니다,faq_dsat_exch
야채가 얼어서 왔어요,faq_dsat_exch
사용기한이 지난 상품이 옴,faq_dsat_exch
하자 상품,faq_dsat_exch
상품 하자,faq_dsat_exch
하자 문의,faq_dsat_exch
깨져옴,faq_dsat_exch
주문하지않은상품,faq_dsat_exch
배송 된 상품 파손,faq_dsat_exch
수량 오배송,faq_dsat_exch
제품 이상이 있는듯 합니다,faq_dsat_exch
불량제품,faq_dsat_exch
어제 받은 물건중에 불량이 있어서요,faq_dsat_exch
상품에 흠집있어요,faq_dsat_exch
품질불량,faq_dsat_exch
상품이 다른걸로 왔는데 어디다 문의해야하나요,faq_dsat_exch
사이즈 잘못배송된거 어떻게 해야하나요?,faq_dsat_exch
주문 후 상품 불량,faq_dsat_exch
상품불만,faq_dsat_exch
배송된 제품에 하자가 있습니다,faq_dsat_exch
오늘 배송받았는데 상품이 불량입니다,faq_dsat_exch
상품에 이물질,faq_dsat_exch
상품이 다르게 배송되었네요,faq_dsat_exch
사이즈 오배송으로 교환이나 환불 해주세요,faq_dsat_exch
파손된 상품,faq_dsat_exch
오배송된거 같아요,faq_dsat_exch
주문상품이 아닌데 왔어요,faq_dsat_exch
주문목록에 없는 상품이 왔습니다,faq_dsat_exch
주문 모델이 아닌 상품이 왔습니다,faq_dsat_exch
발송이 너무 안되고 있어요,faq_dsat_gen
배송이 너무 느려,faq_dsat_gen
"배송이 느리네, 택배비도 별도인데",faq_dsat_gen
배송이 느리네,faq_dsat_gen
출고가 늦어지는 이유가 뭐죠,faq_dsat_gen
출고가 늦어지고 있어요,faq_dsat_gen
발송 밀린 상품 확인,faq_dsat_gen
발송 밀린 상품,faq_dsat_gen
발송 늦춰진 상품,faq_dsat_gen
발송지연 된 상품 확인,faq_dsat_gen
발송 지연,faq_dsat_gen
발송불가,faq_dsat_gen
발송지연,faq_dsat_gen
발송지연은 왜 되는거야,faq_dsat_gen
발송지연 조회,faq_dsat_gen
발송지연이 뭔가요,faq_dsat_gen
발송불가 조회,faq_dsat_gen
발송 불가,faq_dsat_gen
발송불가가 뭐지요,faq_dsat_gen
발송불가는 왜 되는거야,faq_dsat_gen
발송지연 상품이 배송이 되긴 하는 건지 문의드립니다,faq_dsat_gen
주문한지 오래됐는데 물건이 안오네요,faq_dsat_gen
배송이 안옴,faq_dsat_gen
배송이 안되고 있습니다,faq_dsat_gen
주문한 상품이 안오고 있어요,faq_dsat_gen
아니 왜 배송을 안해요,faq_dsat_gen
주문한 물건이 안 오네요,faq_dsat_gen
배송지연 사유,faq_dsat_gen
한달 배송지연 사유,faq_dsat_gen
제품 출고가 너무 늦어요,faq_dsat_gen
8일째 제품이 언제 발송될지도 모르는 상황인데 확인좀해주세요. 이러다 주말 또 지나면 주문한지 2주가 돼요,faq_dsat_gen
판매측으로부터 물품소진으로 배송지연 문자 받았습니다,faq_dsat_gen
배송이 말도 안되게 늦네요,faq_dsat_gen
아직 받지도 못하고 환불도 안되고,faq_dsat_gen
얼마나 발송지연되나요,faq_dsat_gen
혹시 주문한 상품을 좀더 빨리 받을수는 없을까요,faq_dsat_gen
배송이 너무 지연되네요,faq_dsat_gen
문의 답변도 없고 상품 출고도 안되고 장난하세요,faq_dsat_gen
배송이 안와,faq_dsat_gen
배송지연 이유,faq_dsat_gen
"발송지연인가요, 품절인가요",faq_dsat_gen
배송지연 한달,faq_dsat_gen
발송이 오래 걸리네요,faq_dsat_gen
택배가 늦어도 너무나 늦네요,faq_dsat_gen
물건이 안오고 있음,faq_dsat_gen
어떤 이유로 건강깔창을 안 보내고 있나요,faq_dsat_gen
주문한지 오래 됐는데 물건을 발송해 주지 않고 있습니다,faq_dsat_gen
발송지연 알아봐주신다고 하셨는데 연락이 안 오네요,faq_dsat_gen
"배송이 너무 느립니다, 무슨 문제가 있는지요",faq_dsat_gen
다른 쇼핑앱에는 재고가 있던데 제품수급이 한참 걸리는게 이해가 안되네요,faq_dsat_gen
통관절차,faq_how_cstm_clrnc
통관비용,faq_how_cstm_clrnc
통관비용을 더 내래요,faq_how_cstm_clrnc
통관비용 추가 부과,faq_how_cstm_clrnc
통관비 더 내야 해,faq_how_cstm_clrnc
통관비 얼마나 들어,faq_how_cstm_clrnc
통관비 더 내라는데,faq_how_cstm_clrnc
통관비 얼마 더 내야 해,faq_how_cstm_clrnc
통관비 더 내야 하는 거 맞아,faq_how_cstm_clrnc
해외 통관,faq_how_cstm_clrnc
해외통관,faq_how_cstm_clrnc
통관절차 보여줘,faq_how_cstm_clrnc
해외직구 절차 좀 알려주세요,faq_how_cstm_clrnc
어디서 통관절차 확인 할 수 있어,faq_how_cstm_clrnc
직구문의,faq_how_cstm_clrnc
통관절차 보여주세요,faq_how_cstm_clrnc
통관절차를 알고 싶은데,faq_how_cstm_clrnc
직구 배송 너무오래걸리는거 아닌가요,faq_how_cstm_clrnc
직구배송 너무 오래걸리는거 아닌가요,faq_how_cstm_clrnc
직구상품 배송이 왜이렇게 오래걸리죠,faq_how_cstm_clrnc
통관 시에 거치는 과정이 어떻게 돼요,faq_how_cstm_clrnc
통관 절차를 좀 알려주세요,faq_how_cstm_clrnc
통관 절차가 어떻게 되나요,faq_how_cstm_clrnc
통관 과정을 알고 싶어요,faq_how_cstm_clrnc
통관 절차를 알고 싶어,faq_how_cstm_clrnc
해외직구 상품 어떻게 우리나라에 와,faq_how_cstm_clrnc
통관 너무 오래걸려,faq_how_cstm_clrnc
통관 너무오래걸려,faq_how_cstm_clrnc
통관이 이렇게까지 오래걸리나요,faq_how_cstm_clrnc
통관이 이렇게까지 오래 걸리나요,faq_how_cstm_clrnc
통관언제돼,faq_how_cstm_clrnc
해외 배송 상품은 어떻게 배송되나요,faq_how_cstm_clrnc
통관 언제돼,faq_how_cstm_clrnc
통관 언제 돼,faq_how_cstm_clrnc
직구 배송 너무 오래걸리는거 아닌가요,faq_how_cstm_clrnc
직구상품배송이 왜이렇게 오래걸리죠,faq_how_cstm_clrnc
직구상품 배송이너무 느려요,faq_how_cstm_clrnc
직구상품 배송이 너무 느려요,faq_how_cstm_clrnc
해외직구 통관절차 어떻게 되나요,faq_how_cstm_clrnc
직구 절차가 어떻게 되어요,faq_how_cstm_clrnc
해외직구상품 어떻게 진행 되나요,faq_how_cstm_clrnc
해외상품 직구 과정 알고 싶습니다,faq_how_cstm_clrnc
해외상품 직구로 오는 과정,faq_how_cstm_clrnc
해외상품 통관 절차,faq_how_cstm_clrnc
해외상품 통관절차 까다롭게 진행 되나요,faq_how_cstm_clrnc
해외직구 통관절차 과정 문의,faq_how_cstm_clrnc
통괄언제한다는거죠,faq_how_cstm_clrnc
해외배송 왤케 느려요,faq_how_cstm_clrnc
해외 배송 상품은 얼마나 걸리나요,faq_how_cstm_clrnc
해외상품은 어떻게 들여와,faq_how_cstm_clrnc
여러 곳으로 상품을 배송하는 것이 가능한지 문의드립니다,faq_how_dlv
한 주문에 여러 장소로 배송이 가능한지 알고 싶어요,faq_how_dlv
여러 곳으로 상품을 배송할 수 있는 옵션에 대해 알려주세요,faq_how_dlv
한 번에 여러 배송지를 등록할 수 있는지 알고 싶어요,faq_how_dlv
여러 곳에 배송지를 등록할 수 있는 옵션이 있나요,faq_how_dlv
여러 곳에 배송지를 등록하는 것이 가능한지 궁금합니다,faq_how_dlv
주문 시 여러 개의 배송지를 등록할 수 있는지요,faq_how_dlv
배송지를 여러 군데로 등록하는 것이 가능한가요,faq_how_dlv
주문 시 여러 곳에 배송지를 등록할 수 있는 옵션이 있나요,faq_how_dlv
한 번에 여러 장소에 배송지를 등록하는 기능이 있을까요,faq_how_dlv
주문 시 다수의 배송지를 등록하는 방법이 있는지요,faq_how_dlv
주문 시 다수의 배송지를 등록할 수 있는지 알고 싶어요,faq_how_dlv
주문 시 여러 곳에 배송지를 등록하는 기능이 있을까요,faq_how_dlv
한 주문에 다수의 배송지를 등록하는 옵션이 있나요,faq_how_dlv
여러 장소로 배송지를 등록하는 것이 가능한지 문의드립니다,faq_how_dlv
주문 시 여러 군데에 배송지를 등록하는 방법에 대해 알려주세요,faq_how_dlv
배송지를 여러 개 등록할 수 있는 옵션에 대해 궁금합니다,faq_how_dlv
한 번에 여러 배송지를 등록하는 방법이 있는지요,faq_how_dlv
여러 곳으로 배송될 수 있게 다중 배송지를 등록하는 것이 가능한지 알려주세요,faq_how_dlv
추석 주문 건 여러 곳으로 배송하고 싶은데 가능한가요,faq_how_dlv
추석 주문 건 다중 주문 가능한가요,faq_how_dlv
여러 곳에 한번에 배송시켜야 하는데 가능한가요,faq_how_dlv
같은 상품을 여러 곳으로 배송시키려면 각각 결제해야하나요,faq_how_dlv
한번에 여러 곳으로 배송되도록 설정할 수는 없을까요,faq_how_dlv
설날 선물 여러 곳에 배송시키고 싶은데 안내해주세요,faq_how_dlv
설 선물 여러 곳에 배송시키고 싶어요,faq_how_dlv
배송지를 여러 개 등록해서 다중 배송하는 서비스는 없나요,faq_how_dlv
여러명에게 발송하려면 어떻게 해야하나요,faq_how_dlv
주문할 때 여러명이 한번에 받을 수 있게 주문 가능할까요,faq_how_dlv
여러 배송지 등록해서 주문할 수 있나요,faq_how_dlv
주문할 때 여러 곳에 보내고 싶은데 가능할까요,faq_how_dlv
여러 곳으로 배송 보내고 싶은데 기능이 있을까요,faq_how_dlv
주문시 다수의 배송지를 등록할 수 있는 기능이 있나요,faq_how_dlv
주문 시 여러 개 배송지를 등록하려는데 가능한가요,faq_how_dlv
여러 곳으로 배송 시키고 싶어요 가능한지 확인해주세요,faq_how_dlv
추석 선물세트 여러 곳으로 배송시키는 거 가능한가요,faq_how_dlv
설날 선물세트 여러 곳에 배송보내고 싶어요,faq_how_dlv
다중 배송이 가능한지 확인해주시겠어요,faq_how_dlv
명절 장바구니에 담으면 다중 배송이 가능한가요,faq_how_dlv
명절 장바구니 서비스는 명절기간에만 열리나요,faq_how_dlv
선물 세트 여러 곳으로 배송하고 싶으면 어떻게 하나요,faq_how_dlv
선물 세트 여러 곳에 배송하고 싶은데요 명절 장바구니 이용하면 되나요,faq_how_dlv
명절 장바구니가 뭐에요,faq_how_dlv
여러 배송지 설정하고 싶은데 가능한지 확인 좀 해주세요,faq_how_dlv
필요해서 그런데 여러 곳에 한번에 배송하는 서비스는 없나요,faq_how_dlv
선물 세트 여러 곳에 한번에 배송할 수는 없나요,faq_how_dlv
선물 세트 여러 곳에 배송시키고 싶은데 가능한가요,faq_how_dlv
여러 곳으로 배송시킬려면 명절 장바구니 이용하면 되나요,faq_how_dlv
명절 장바구니 어떻게 이용하는 거에요,faq_how_dlv
명절 선물 한번에 여러 곳으로 보내고 싶어요,faq_how_dlv
배송비가 두번 나갔어요,shipping_fee_twice
배송비 두번 나갔어요,shipping_fee_twice
배송비가 두번 청구된 것 같아요,shipping_fee_twice
반품신청했더니 배송비가 중복으로 청구된 것 같아요,shipping_fee_twice
반품신청했더니 배송비가 중복청구된 것 같아요,shipping_fee_twice
반품신청했더니 배송비 두번 청구된거같아요,shipping_fee_twice
배송비가 이중청구되었어요,shipping_fee_twice
배송비가 두번 청구되었어요,shipping_fee_twice
배송비가 두 번 청구되어 매우 불편합니다,shipping_fee_twice
두 번의 배송비가 청구되어 당황스럽습니다,shipping_fee_twice
배송비가 두 번 결제된 건 왜 그런 걸까요,shipping_fee_twice
배송비가 두번 결제되었는데요,shipping_fee_twice
아니 제가 잘못한 것도 아닌데 배송비를 두번 내야 합니까,shipping_fee_twice
배송비가 두 번 청구된 이유가 무엇인가요,shipping_fee_twice
왜 배송비가 두 번이나 청구된 건가요,shipping_fee_twice
배송비가 두 번씩 청구된 이유를 알고 싶어요,shipping_fee_twice
배송비가 두 번이나 청구된 것은 왜 그런 건가요,shipping_fee_twice
배송비가 두 번 청구된 이유에 대해 문의드립니다,shipping_fee_twice
배송비가 두 번 청구된 사유를 몰라 문의드립니다,shipping_fee_twice
배송비가 두 번 청구된 것에 대해 이유를 알려주시겠어요,shipping_fee_twice
배송비가 두 번이나 청구된 것에 대한 이유를 알려주세요,shipping_fee_twice
배송비가 2번 청구되었습니다,shipping_fee_twice
배송비가 두번이나 나갔는데 어떻게 된 일이죠,shipping_fee_twice
배송비가 왜 두번 나갔을까요,shipping_fee_twice
배송비가 두번 나간 이유가 도대체 뭐에요,shipping_fee_twice
배송비 두번 나갔는데 이거 환불해주시나요,shipping_fee_twice
배송비를 왜 두번 가져가죠,shipping_fee_twice
배송비 이중 청구된 것 같은데 확인해주세요,shipping_fee_twice
배송비가 이중으로 청구되었어요 확인 부탁드립니다,shipping_fee_twice
반품 신청하니까 배송비를 두번 빼가네요,shipping_fee_twice
반품 신청하면 배송비를 중복으로 청구하나요,shipping_fee_twice
반품 신청하면 무조건 배송비 이중 청구되나요,shipping_fee_twice
배송비가 두번이나 나간거 같아요,shipping_fee_twice
아니 판매자한테 귀책사유가 있는데 배송비를 2번 내야 되나요,shipping_fee_twice
판매자 귀책 사유로 반품하는 건데 배송비를 제가 두번 내야 되나요,shipping_fee_twice
배송비 왜 두번이나 내야돼요,shipping_fee_twice
배송비 왜 두번 청구돼요,shipping_fee_twice
배송비가 두번 빠져나갔어요,shipping_fee_twice
반품 배송비 중복,shipping_fee_twice
반품 배송비가 중복으로 나간거 같아요,shipping_fee_twice
그럼 배송비를 또 제가 내는 건가요,shipping_fee_twice
반품하는데 배송비 왜 두번 내요,shipping_fee_twice
반품하는데 배송비를 제가 두번 부담해야되나요,shipping_fee_twice
반품하려는데 배송비가 이중 청구되네요,shipping_fee_twice
반품하면 제가 배송비를 두번 내야 되나요,shipping_fee_twice
반품비 동봉했는데 또 낸거 같아요,shipping_fee_twice
반품비 따로 보냈는데 이중 청구 된거 같아요,shipping_fee_twice
반품비 따로 보냈어요 근데 이중으로 낸거 같아요,shipping_fee_twice
배송비가 두번 나간거 같은데 확인해주세요,shipping_fee_twice
배송비가 두번 청구된거 같은데요 어떻게 된거죠,shipping_fee_twice
배송이 다른 주소로 잘못 간 거 같은데 어떻게 해야 하나요?,faq_how_dlv_chg
도착지 변경 접수해주세요,faq_how_dlv_chg
예전 집주소로 배송이 되었습니다,faq_how_dlv_chg
주소지 잘못 입력했는데 지금 집으로 받을 방법 있나요,faq_how_dlv_chg
주문을 잘못해서 주소지가 아닌데 다시 받아볼 수 있나요,faq_how_dlv_chg
이전 주소지로 간 상품 다시 받으려면 어떻게 해야하나요,faq_how_dlv_chg
배송중인거 다른데로 갖다주세요,faq_how_dlv_chg
택배사에 전화해서 착지변경 한다고 하면 돼,faq_how_dlv_chg
착지변경은 제가 택배사로 전화해야 하는 거에요,faq_how_dlv_chg
착지변경은 얼마야,faq_how_dlv_chg
착지변경 택배사로 전화해야 하나요,faq_how_dlv_chg
착지변경 택배비 얼마야,faq_how_dlv_chg
전 집주소로 배송이 되었네요,faq_how_dlv_chg
이전 주소로 배송되었어요,faq_how_dlv_chg
예전 주소로 상품이 갔어요,faq_how_dlv_chg
착지변경 접수,faq_how_dlv_chg
착지변경 시간 얼마나 들어,faq_how_dlv_chg
주소를 잘못 설정해서 다른 곳으로 갔는데 혹시 다시 픽업해서 재배송 가능할까요,faq_how_dlv_chg
주문한 상품이 다른 데로 갔어요,faq_how_dlv_chg
주문한 상품이 다른 곳으로 배달됐어요,faq_how_dlv_chg
제가 주소를 변경햇는데 이전 주소로 배송되었어요 확인 부탁드려요,faq_how_dlv_chg
제가 주소 변경을 안해서 예전 집주소로 배송된 경우 다시 받을 해결 방안이 있을까요,faq_how_dlv_chg
전 주소지로 물건이 갔어요,faq_how_dlv_chg
이전 주소지로 배송됐어요,faq_how_dlv_chg
운송장 조회를 했는데 수신 주소가 이상한 곳으로 나와서 확인해주세요,faq_how_dlv_chg
오배송 확인,faq_how_dlv_chg
오배송 된것 같은데,faq_how_dlv_chg
오늘 착지변경 접수하면 내일 와,faq_how_dlv_chg
예전 주소로 배송되었어요,faq_how_dlv_chg
상품이 다른 곳으로 갔습니다,faq_how_dlv_chg
배송지를 잘못 입력해서 예전 집으로 갔어요,faq_how_dlv_chg
배송 잘못갔대요,faq_how_dlv_chg
배송 받을 주소를 잘못 썼는데 어떻게 다시 받죠,faq_how_dlv_chg
배송이 잘못돼서 다시 받아야하는데 택배비 또 내야하나요,faq_how_dlv_chg
주문내역에 주소가 이상한데로 나와요,faq_how_dlv_chg
착지변경 택배비 알려주세요,faq_how_dlv_chg
착지변경 접수하는 방법,faq_how_dlv_chg
착지변경 접수 방법 알려줘야지,faq_how_dlv_chg
착지변경 접수 방법 알려줘,faq_how_dlv_chg
주소 바꾸는걸 까먹어서 배송이 잘못 갔어요,faq_how_dlv_chg
주문한 물건이 오배송됐는데 어떡하죠,faq_how_dlv_chg
배송중인데 택배 받는 주소 다른데로 바꿔도 되나요,faq_how_dlv_chg
배송중인데 도착지 변경 될까요,faq_how_dlv_chg
도착지 어떻게 바꾸죠,faq_how_dlv_chg
도착지 어떻게 바꿔,faq_how_dlv_chg
도착지 변경하는법,faq_how_dlv_chg
도착지 변경하고 싶습니다,faq_how_dlv_chg
도착지 변경 되나요,faq_how_dlv_chg
착지변경,faq_how_dlv_chg
배송 시작했는데 다른데서 받을 수 있을까요,faq_how_dlv_chg