ITEM_ID,GENRE
1,Animation|Children's|Comedy
2,Adventure|Children's|Fantasy
3,Comedy|Romance
4,Comedy|Drama
5,Comedy
6,Action|Crime|Thriller
7,Comedy|Romance
8,Adventure|Children's
9,Action
10,Action|Adventure|Thriller
11,Comedy|Drama|Romance
12,Comedy|Horror
13,Animation|Children's
14,Drama
15,Action|Adventure|Romance
16,Drama|Thriller
17,Drama|Romance
18,Thriller
19,Comedy
20,Action
21,Action|Comedy|Drama
22,Crime|Drama|Thriller
23,Thriller
24,Drama|Sci-Fi
25,Drama|Romance
26,Drama
27,Drama
28,Romance
29,Adventure|Sci-Fi
30,Drama
31,Drama
32,Drama|Sci-Fi
33,Adventure|Romance
34,Children's|Comedy|Drama
35,Drama|Romance
36,Drama
37,Documentary
38,Comedy
39,Comedy|Romance
40,Drama
41,Drama|War
42,Action|Crime|Drama
43,Drama
44,Action|Adventure
45,Comedy|Drama
46,Drama|Romance
47,Crime|Thriller
48,Animation|Children's|Musical|Romance
49,Drama|Romance
50,Crime|Thriller
52,Comedy
53,Drama
54,Children's|Comedy
55,Drama
56,Adventure|Children's|Fantasy
57,Drama
58,Drama|Romance
59,Drama|Mystery
60,Adventure|Children's|Fantasy
61,Drama|Thriller
62,Drama
63,Comedy
64,Comedy|Romance
65,Comedy
66,Sci-Fi|Thriller
67,Drama
68,Comedy|Romance
69,Comedy
70,Action|Comedy|Crime|Horror|Thriller
71,Action
72,Comedy|Drama
73,Drama|Musical
74,Drama|Romance
75,Comedy|Drama
76,Sci-Fi|Thriller
77,Documentary
78,Drama
79,Drama|Thriller
80,Drama
81,Crime|Drama|Romance
82,Drama
83,Drama
84,Comedy|Drama
85,Drama|Romance
86,Adventure|Drama
87,Children's|Comedy
88,Comedy
89,Action|Thriller
90,Drama
92,Drama|Thriller
93,Comedy|Romance
94,Drama
95,Action|Thriller
96,Comedy
97,Drama
98,Action|Thriller
99,Documentary
100,Drama|Thriller
101,Comedy
102,Comedy
103,Thriller
104,Comedy
105,Drama|Romance
106,Comedy|Drama
107,Adventure|Children's|Comedy|Musical
108,Documentary
110,Action|Drama|War
111,Drama|Thriller
112,Action|Adventure|Crime
113,Drama|Mystery
114,Drama
116,Documentary
117,Crime
118,Comedy|Romance
119,Comedy
120,Drama
121,Drama
122,Comedy|Romance
123,Drama|Mystery|Romance
124,Drama
125,Comedy
126,Adventure|Children's|Fantasy
127,Drama
128,Documentary
129,Comedy|Romance
130,Drama
131,Drama|Romance
132,Thriller
133,Comedy|Drama
134,Documentary
135,Comedy
136,Documentary
137,Documentary
138,Drama
139,Action|Drama
140,Drama|Romance
141,Comedy
142,Drama
144,Comedy
145,Action
146,Adventure|Children's
147,Drama
148,Drama
149,Crime|Drama|Thriller
150,Drama
151,Drama|Romance|War
152,Horror
153,Action|Adventure|Comedy|Crime
154,Drama
155,Drama|War
156,Comedy
157,Comedy|War
158,Adventure|Children's
159,Drama
160,Action|Adventure|Mystery|Sci-Fi
161,Drama|Thriller|War
162,Documentary
163,Action|Romance|Thriller
164,Crime|Film-Noir|Mystery|Thriller
165,Action|Thriller
166,Comedy|Drama
167,Drama
168,Action|Adventure|Drama|Romance
169,Adventure|Children's|Drama
170,Action|Crime|Thriller
171,Comedy
172,Action|Sci-Fi|Thriller
173,Action|Adventure|Sci-Fi
174,Comedy
175,Drama
176,Comedy
177,Horror
178,Comedy
179,Drama|Romance
180,Comedy
181,Action|Children's
182,Drama|Romance
183,Thriller
184,Drama
185,Sci-Fi|Thriller
186,Comedy
187,Comedy
188,Horror
189,Comedy
190,Thriller
191,Drama
192,Documentary
193,Drama
194,Drama
195,Comedy|Drama|Romance
196,Horror|Sci-Fi
197,Drama
198,Action|Crime|Sci-Fi
199,Drama|Musical
200,Thriller
201,Drama
202,Drama|Romance
203,Comedy
204,Action
205,Comedy|Drama
206,Documentary
207,Drama|Romance
208,Action|Adventure
209,Drama
210,Western
211,Drama
212,Comedy
213,Drama
214,Drama
215,Drama|Romance
216,Comedy
217,Drama|Thriller
218,Comedy|Drama
219,Drama
220,Horror
222,Drama|Romance
223,Comedy
224,Comedy|Drama|Romance
225,Drama|Thriller
226,Thriller
227,Action
228,Comedy
229,Drama|Thriller
230,Drama|Thriller
231,Comedy
232,Comedy|Drama
233,Drama
234,Comedy
235,Comedy|Drama
236,Comedy|Romance
237,Comedy|Romance
238,Adventure|Children's
239,Animation|Children's|Comedy|Romance
240,Thriller
241,Children's|Drama
242,Drama|Musical
243,Comedy
244,Animation|Children's
245,Crime|Drama
246,Documentary
247,Drama|Fantasy|Romance|Thriller
248,Comedy
249,Drama|Romance
250,Children's|Comedy
251,Action
252,Comedy|Romance
253,Drama|Horror
254,Drama
255,Comedy
256,Comedy|Sci-Fi
257,Mystery|Thriller
258,Adventure|Children's|Comedy|Fantasy|Romance
259,Crime|Drama|Thriller
260,Action|Adventure|Fantasy|Sci-Fi
261,Drama
262,Children's|Drama
263,Drama
264,Drama
265,Drama|Romance
266,Drama|Romance|War|Western
267,Comedy
268,Drama
269,Drama
270,Drama|Romance
271,Drama
272,Drama
273,Drama|Horror
274,Comedy
275,Comedy
276,Comedy|Romance
277,Drama
278,Comedy
279,Drama
280,Drama|Thriller
281,Drama
282,Drama
283,Crime|Drama
286,Action|Sci-Fi|Thriller
287,Comedy|Romance
288,Action|Thriller
289,Comedy|Romance
290,Crime|Drama
291,Thriller
292,Action|Drama|Thriller
293,Crime|Drama|Romance|Thriller
294,Comedy|Romance
295,Comedy|Romance
296,Crime|Drama
297,Drama
298,Comedy
299,Drama
300,Drama
301,Drama|Romance
302,Drama|Romance
303,Action|Adventure|Western
304,Comedy|Drama
305,Comedy
306,Drama
307,Drama
308,Drama
309,Drama
310,Comedy
311,Horror|Thriller
312,Comedy
313,Animation|Children's
314,Drama
315,Action
316,Action|Adventure|Sci-Fi
317,Children's|Comedy|Fantasy
318,Drama
319,Thriller
320,Film-Noir|Thriller
321,Drama
322,Comedy|Drama
324,Comedy
325,Comedy
326,Drama
327,Action|Comedy|Musical|Sci-Fi
328,Horror
329,Action|Adventure|Sci-Fi
330,Comedy|Horror
331,Drama
332,Horror|Sci-Fi
333,Comedy
334,Drama
335,Mystery|Thriller
336,Drama|War
337,Drama
338,Sci-Fi|Thriller
339,Comedy|Romance
340,Adventure|Drama
341,Drama
342,Comedy|Romance
343,Children's
344,Comedy
345,Comedy|Drama
346,Drama|Musical
347,Drama
348,Comedy
349,Action|Adventure|Thriller
350,Drama|Mystery|Thriller
351,Comedy|Drama|Romance
352,Comedy
353,Action|Romance|Thriller
354,Drama
355,Children's|Comedy
356,Comedy|Romance|War
357,Comedy|Romance
358,Drama
359,Comedy|Drama|Romance
360,Action|Comedy
361,Drama|Romance
362,Adventure|Children's|Romance
363,Documentary
364,Animation|Children's|Musical
365,Drama
366,Horror
367,Comedy|Crime|Fantasy
368,Action|Comedy|Western
369,Drama
370,Comedy
371,Comedy|Drama
372,Comedy|Drama
373,Thriller
374,Children's|Comedy
375,Drama
376,Action|Thriller
377,Action|Romance|Thriller
378,Comedy|Romance
379,Action|Sci-Fi
380,Action|Adventure|Comedy|Romance
381,Drama
382,Drama|Horror
383,Western
384,Action
385,Drama
386,Drama
387,Action|Comedy
388,Drama
389,Drama|Romance|War
390,Action|Comedy|Drama
391,Crime|Drama
392,Adventure|Children's
393,Action
394,Action
396,Drama
397,Horror
398,Documentary
401,Action|Thriller
402,Comedy
404,Documentary
405,Action|Sci-Fi
406,Drama
407,Horror|Thriller
408,Drama
409,Drama
410,Comedy
411,Comedy
412,Drama
413,Comedy
414,Comedy
415,Comedy|Thriller
416,Western
417,Comedy|Romance
418,Drama
419,Comedy
420,Action|Comedy
421,Adventure|Children's
422,Thriller
423,Action|Thriller
424,Drama
425,Drama|Romance
426,Horror|Sci-Fi|Thriller
427,Mystery|Romance|Thriller
428,Drama
429,Comedy
430,Drama
431,Crime|Drama
432,Comedy|Western
433,Comedy
434,Action|Adventure|Crime
435,Comedy|Sci-Fi
436,Drama|Thriller
437,Comedy
438,Action|Comedy
439,Drama
440,Comedy|Romance
441,Comedy
442,Action|Sci-Fi
443,Documentary
444,Comedy|Romance
445,Comedy
446,Drama|Romance
447,Comedy|Romance
448,Drama
449,Comedy
450,Comedy|Drama
451,Drama|Mystery|Romance
452,Drama
453,Comedy
454,Drama|Thriller
455,Adventure|Children's|Drama
456,Drama
457,Action|Thriller
458,Drama|Western
459,Action
460,Comedy
461,Drama|Romance
462,Action|Adventure
463,Crime|Drama|Thriller
464,Action|Adventure|Crime|Thriller
465,Action|Drama|War
466,Action|Comedy|War
467,Comedy
468,Comedy|Romance
469,Drama|Romance
470,Comedy
471,Comedy|Romance
472,Comedy|Drama
473,Comedy|War
474,Action|Thriller
475,Drama
476,Comedy|Drama
477,Drama
478,Comedy
479,Action
480,Action|Adventure|Sci-Fi
481,Drama|Thriller
482,Thriller
483,Drama
484,Adventure|Children's
485,Action|Comedy
486,Comedy
487,Comedy|Western
488,Drama
489,Comedy
490,Thriller
491,Drama
492,Comedy|Mystery
493,Action|Crime|Drama
494,Action|Thriller
495,Drama
496,Comedy|Drama|Romance
497,Comedy|Romance
498,Drama|Romance
499,Comedy|Romance
500,Comedy
501,Drama
502,Action|Children's
503,Drama
504,Action|Sci-Fi
505,Comedy
506,Drama
507,Action|Drama
508,Drama
509,Drama|Romance
510,Drama
511,Action|Drama
512,Horror|Sci-Fi
513,Comedy|Mystery|Romance
514,Comedy
515,Drama
516,Comedy|Drama|War
517,Action|Drama|Mystery
518,Comedy
519,Sci-Fi|Thriller
520,Comedy
521,Crime|Thriller
522,Action|Drama
523,Drama
524,Drama
525,Drama
526,Drama
527,Drama|War
528,Drama
529,Drama
530,Drama
531,Children's|Drama
532,Comedy|Crime|Horror
533,Action
534,Drama|Romance
535,Drama
536,Drama
537,Comedy|Drama
538,Drama
539,Comedy|Romance
540,Thriller
541,Film-Noir|Sci-Fi
542,Comedy
543,Comedy|Romance|Thriller
544,Action
545,Drama
546,Action|Adventure|Children's|Sci-Fi
547,Action|Adventure|Thriller
548,Action
549,Documentary
550,Comedy|Romance
551,Children's|Comedy|Musical
552,Action|Adventure|Comedy
553,Western
554,Thriller
555,Action|Crime|Romance
556,Documentary
557,Drama
558,Action|Adventure|Animation|Children's|Fantasy
559,Comedy
560,Drama
561,Thriller
562,Comedy|Drama
563,Drama
564,Comedy
565,Horror
566,Comedy|Romance
567,Drama
568,Comedy|Drama
569,Children's|Comedy
570,Comedy|Drama
571,Drama
572,Drama
573,Drama
574,Comedy|Drama
575,Children's|Comedy
576,Comedy
577,Adventure|Children's
578,Drama|Mystery
579,Thriller
580,Drama
581,Documentary
582,Comedy
583,Comedy|Drama
584,Drama
585,Comedy
586,Children's|Comedy
587,Comedy|Romance|Thriller
588,Animation|Children's|Comedy|Musical
589,Action|Sci-Fi|Thriller
590,Adventure|Drama|Western
591,Action|Drama|Thriller
592,Action|Adventure|Crime|Drama
593,Drama|Thriller
594,Animation|Children's|Musical
595,Animation|Children's|Musical
596,Animation|Children's
597,Comedy|Romance
598,Comedy
599,Western
600,Thriller
601,Drama
602,Documentary
603,Comedy
605,Drama|Romance
606,Horror
607,Drama
608,Crime|Drama|Thriller
609,Adventure|Children's
610,Action|Adventure|Animation|Horror|Sci-Fi
611,Action|Horror|Sci-Fi
612,Comedy
613,Drama|Romance
614,Drama|Thriller
615,Drama
616,Animation|Children's
617,Drama
618,Comedy|Romance
619,Comedy
621,Drama
623,Romance
624,Action|Drama|Thriller
626,Comedy
627,Drama|Thriller
628,Drama|Thriller
630,Drama|Romance
631,Animation|Children's|Musical
632,War
633,Comedy
634,Comedy
635,Comedy|Drama
637,Comedy
638,Romance
639,Comedy
640,Drama|Thriller
641,Comedy
642,Drama
643,Comedy
644,Comedy
645,Drama
647,Drama|War
648,Action|Adventure|Mystery
649,Comedy|Drama
650,Drama
651,Comedy
652,Mystery
653,Action|Adventure|Fantasy
655,Comedy
656,Comedy
657,Comedy|Drama
658,Drama
659,Crime|Thriller
660,Drama
661,Animation|Children's|Musical
662,Thriller
663,Comedy
664,Comedy
665,War
666,Drama
667,Action
668,Drama
669,Drama
670,Drama
671,Comedy|Sci-Fi
672,Drama
673,Adventure|Animation|Children's|Comedy|Fantasy
674,Adventure|Sci-Fi
678,Drama|Thriller
679,Drama
680,Sci-Fi
681,Crime
682,Documentary|Drama
684,Drama
685,Drama
687,Drama|Romance
688,Action|Adventure|Comedy|War
690,Romance
691,Comedy|Romance
692,Action|Sci-Fi|Thriller
694,Action
695,Mystery|Thriller
696,Thriller
697,Drama|Romance
698,Drama
700,Comedy
701,Drama
702,Drama
703,Drama
704,Action|Adventure
705,Comedy
706,Drama
707,Crime|Film-Noir|Thriller
708,Comedy|Romance
709,Animation|Children's
710,Comedy
711,Adventure|Children's
712,Drama
714,Western
715,Drama
716,Crime
717,Comedy
718,Comedy|Sci-Fi
719,Comedy
720,Animation
722,Documentary
724,Drama|Horror
725,Comedy
726,Drama
728,Comedy
729,Drama
730,Drama
731,Mystery|Thriller
732,Crime
733,Action|Adventure|Thriller
734,Comedy
735,Comedy|Horror
736,Action|Adventure|Romance|Thriller
737,Action|Sci-Fi
741,Animation|Sci-Fi
742,Horror|Thriller
743,Comedy
744,Drama
745,Animation|Comedy|Thriller
746,Film-Noir
747,Comedy
748,Action|Sci-Fi|Thriller
749,Drama
750,Sci-Fi|War
751,Comedy
753,Comedy|Drama
754,Adventure|Children's
755,Children's|Drama
756,Documentary
757,Drama
758,Drama
759,Documentary
760,War
761,Adventure
762,Comedy|Crime
763,Drama
764,Drama|Romance
765,Comedy|Drama
766,Drama
767,Drama
769,Documentary
771,Comedy|Drama
774,Drama
775,Horror
776,Comedy|Drama
778,Drama
779,Drama|Romance
780,Action|Sci-Fi|War
781,Drama
782,Thriller
783,Animation|Children's|Musical
784,Comedy
785,Comedy
786,Action|Thriller
787,Documentary
788,Comedy|Fantasy|Romance|Sci-Fi
789,Drama
790,Drama
791,Documentary
792,Fantasy
793,Drama
796,Drama
798,Action|Adventure|Thriller
799,Comedy|Horror
800,Drama|Mystery
801,Children's|Comedy
802,Drama|Romance
803,Romance
804,Comedy|Romance
805,Drama
806,Drama
807,Comedy|Romance
808,Adventure|Children's
809,Action|Adventure
810,Children's|Comedy|Fantasy
811,Comedy
813,Comedy
814,Drama
815,Action|Mystery|Thriller
818,Comedy
820,Drama
821,Romance
823,Drama
824,Drama
826,Drama
827,Drama
828,Adventure|Children's
829,Comedy|Musical
830,Comedy
831,Drama
832,Drama|Thriller
833,Comedy
834,Comedy
835,Drama
836,Action|Adventure|Thriller
837,Children's|Comedy
838,Comedy|Drama|Romance
839,Action|Thriller
840,Comedy
841,Horror
842,Horror
843,Drama
844,Drama
846,Drama
847,Comedy|Drama
848,Drama
849,Action|Adventure|Sci-Fi|Thriller
850,Crime|Drama
851,Drama
852,Comedy|Romance
853,Drama
854,Drama
858,Action|Crime|Drama
859,Documentary
860,Comedy
861,Action|Thriller
862,Drama
863,Comedy
864,Comedy|Drama
865,Drama
866,Crime|Drama|Romance|Thriller
867,Comedy|Crime
868,Comedy
869,Crime
870,Comedy
872,Drama
874,Crime|Drama
875,Drama
876,Action
877,Drama
878,Drama
879,Horror
880,Sci-Fi|Thriller
881,Children's|Comedy
882,Drama|Thriller
884,Drama
885,Children's|Drama|Fantasy
886,Action
887,Drama
888,Animation|Children's
889,Romance
891,Horror|Thriller
892,Comedy|Drama|Romance
893,Drama
895,Drama
896,Drama
897,Adventure|War
898,Comedy|Romance
899,Musical|Romance
900,Musical|Romance
901,Comedy|Musical
902,Drama|Romance
903,Mystery|Thriller
904,Mystery|Thriller
905,Comedy
906,Mystery|Thriller
907,Comedy|Musical|Romance
908,Drama|Thriller
909,Comedy|Drama
910,Comedy|Crime
911,Comedy|Mystery|Romance|Thriller
912,Drama|Romance|War
913,Film-Noir|Mystery
914,Musical|Romance
915,Comedy|Romance
916,Comedy|Romance
917,Children's|Drama
918,Musical
919,Adventure|Children's|Drama|Musical
920,Drama|Romance|War
921,Comedy
922,Film-Noir
923,Drama
924,Drama|Mystery|Sci-Fi|Thriller
925,Adventure|Romance
926,Drama
927,Comedy
928,Romance|Thriller
929,Thriller
930,Film-Noir|Romance|Thriller
931,Mystery|Romance|Thriller
932,Romance
933,Comedy|Romance|Thriller
934,Comedy
935,Comedy|Musical
936,Comedy|Romance
937,Comedy|Romance
938,Musical
939,Comedy|Drama
940,Action|Adventure
941,Adventure
942,Crime|Film-Noir|Mystery
943,Drama|Romance
944,Drama
945,Comedy|Musical|Romance
946,Comedy|Drama|War
947,Comedy
948,Drama
949,Drama
950,Mystery
951,Comedy
952,Adventure|Comedy
953,Drama
954,Drama
955,Comedy
956,Drama|Romance
957,Drama
958,Comedy|Mystery
959,Drama
960,Crime|Drama
961,Drama
962,Crime|Drama
963,Musical
964,Western
965,Thriller
966,Drama
967,Western
968,Horror|Sci-Fi
969,Action|Adventure|Romance|War
970,Comedy|Drama
971,Drama
972,Drama
973,Drama
974,Drama|Romance
975,Comedy|Musical
976,Romance|War
977,Mystery
978,Drama
980,Action
981,Drama
982,Drama
984,Comedy|Drama
985,Documentary
986,Adventure|Children's
987,Drama|Romance
988,Comedy|Drama
989,Drama
990,Action|Adventure|Thriller
991,Drama|War
992,Thriller
993,Drama
994,Drama
996,Action|Drama|Western
997,Drama|Thriller
998,Action|Crime
999,Crime
1000,Crime
1002,Comedy
1003,Drama|Thriller
1004,Action|Thriller
1005,Children's|Comedy
1006,Drama
1007,Children's|Comedy|Western
1008,Western
1009,Adventure|Children's|Fantasy
1010,Children's|Comedy
1011,Adventure|Children's|Comedy
1012,Children's|Drama
1013,Children's|Drama
1014,Children's|Comedy|Drama
1015,Adventure|Children's
1016,Children's|Comedy
1017,Adventure|Children's
1018,Children's|Comedy|Mystery
1019,Adventure|Children's|Fantasy|Sci-Fi
1020,Comedy
1021,Children's|Comedy
1022,Animation|Children's|Musical
1023,Animation|Children's
1024,Animation|Children's|Musical
1025,Animation|Children's
1026,Children's|Drama
1027,Drama
1028,Children's|Comedy|Musical
1029,Animation|Children's|Musical
1030,Adventure|Animation|Children's|Musical
1031,Adventure|Children's|Musical
1032,Animation|Children's|Musical
1033,Animation|Children's
1034,Crime
1035,Musical
1036,Action|Thriller
1037,Action|Sci-Fi|Thriller
1038,Drama
1039,Documentary
1040,Drama
1041,Drama
1042,Comedy
1043,Drama|Romance
1044,Drama
1046,Drama|Romance
1047,Action|Thriller
1049,Action|Adventure
1050,Documentary|Drama
1051,Drama
1053,Crime|Drama
1054,Drama
1055,Thriller
1056,Drama
1057,Comedy|Musical|Romance
1058,Drama
1059,Drama|Romance
1060,Comedy|Drama
1061,Crime|Drama
1062,Drama
1063,Drama
1064,Animation|Children's|Comedy
1066,Comedy|Musical|Romance
1067,Comedy|Musical|Romance
1068,Crime|Film-Noir
1069,Film-Noir|Thriller
1070,Adventure
1071,Romance|War
1073,Adventure|Children's|Comedy|Fantasy
1076,Thriller
1077,Comedy|Sci-Fi
1078,Comedy|War
1079,Comedy
1080,Comedy
1081,Comedy|Musical
1082,Drama
1083,Comedy|Musical
1084,Crime|Drama
1085,Adventure|Drama
1086,Mystery|Thriller
1087,Musical
1088,Musical|Romance
1089,Crime|Thriller
1090,Drama|War
1091,Comedy
1092,Mystery|Thriller
1093,Drama|Musical
1094,Drama|Romance|War
1095,Drama
1096,Drama
1097,Children's|Drama|Fantasy|Sci-Fi
1098,Comedy
1099,Drama
1100,Action|Romance
1101,Action|Romance
1102,Action
1103,Drama
1104,Drama
1105,Horror
1107,Comedy
1111,Documentary
1112,Action|Drama
1113,Comedy
1114,Drama
1115,Comedy|Drama
1116,Drama
1117,Drama
1118,Adventure|Western
1119,Drama
1120,Drama
1121,Drama
1123,Documentary
1124,Drama
1125,Comedy
1126,Comedy|Fantasy
1127,Action|Adventure|Sci-Fi|Thriller
1128,Horror
1129,Action|Adventure|Sci-Fi|Thriller
1130,Horror
1131,Drama
1132,Drama
1133,Comedy|Drama
1134,Action|Drama
1135,Comedy
1136,Comedy
1138,Documentary
1139,Drama
1142,Drama
1144,Documentary
1145,Documentary
1147,Documentary
1148,Animation|Comedy
1149,Documentary|Drama
1150,Drama
1151,Animation|Comedy|Thriller
1152,Crime|Film-Noir|Thriller
1153,Film-Noir
1154,Film-Noir
1160,Comedy
1161,Drama
1162,Comedy
1163,Drama
1164,Drama
1165,Drama|Thriller
1167,Comedy
1168,Horror
1169,Documentary
1170,Action
1171,Comedy
1172,Comedy|Drama|Romance
1173,Drama
1174,Comedy
1175,Comedy|Sci-Fi
1176,Drama
1177,Drama
1178,Drama|War
1179,Crime|Drama|Film-Noir
1180,Comedy
1181,Action
1183,Drama|Romance|War
1184,Comedy|War
1185,Drama
1186,Drama
1187,Drama
1188,Comedy|Romance
1189,Documentary
1190,Drama
1191,Documentary
1192,Documentary
1193,Drama
1194,Comedy
1196,Action|Adventure|Drama|Sci-Fi|War
1197,Action|Adventure|Comedy|Romance
1198,Action|Adventure
1199,Sci-Fi
1200,Action|Sci-Fi|Thriller|War
1201,Action|Western
1202,Comedy
1203,Drama
1204,Adventure|War
1205,Action|Animation|Children's|Sci-Fi|Thriller|War
1206,Sci-Fi
1207,Drama
1208,Drama|War
1209,Western
1210,Action|Adventure|Romance|Sci-Fi|War
1211,Comedy|Drama|Romance
1212,Mystery|Thriller
1213,Crime|Drama
1214,Action|Horror|Sci-Fi|Thriller
1215,Action|Adventure|Comedy|Horror|Sci-Fi
1216,Adventure|Romance
1217,Drama|War
1218,Action|Thriller
1219,Horror|Thriller
1220,Action|Comedy|Musical
1221,Action|Crime|Drama
1222,Action|Drama|War
1223,Animation|Comedy
1224,Drama|War
1225,Drama
1226,Comedy|Romance
1227,Crime|Drama|Thriller
1228,Drama
1230,Comedy|Romance
1231,Drama
1232,Mystery|Sci-Fi
1233,Action|Drama|War
1234,Comedy|Crime
1235,Comedy
1236,Comedy|Drama
1237,Drama
1238,Comedy
1240,Action|Sci-Fi|Thriller
1241,Comedy|Horror
1242,Action|Drama|War
1243,Comedy|Drama
1244,Comedy|Drama|Romance
1245,Drama
1246,Drama
1247,Drama|Romance
1248,Crime|Film-Noir|Thriller
1249,Thriller
1250,Drama|War
1251,Drama
1252,Film-Noir|Mystery|Thriller
1253,Drama|Sci-Fi
1254,Adventure
1255,Comedy|Horror
1256,Comedy|War
1257,Comedy
1258,Horror
1259,Adventure|Comedy|Drama
1260,Crime|Film-Noir|Thriller
1261,Action|Adventure|Comedy|Horror
1262,Adventure|War
1263,Drama|War
1264,Action|Drama|Mystery|Romance|Thriller
1265,Comedy|Romance
1266,Western
1267,Film-Noir|Thriller
1268,Drama
1269,Comedy|Mystery|Thriller
1270,Comedy|Sci-Fi
1271,Drama
1272,Drama|War
1273,Comedy|Drama
1274,Adventure|Animation|Sci-Fi|Thriller
1275,Action|Adventure
1276,Comedy|Drama
1277,Action|Drama|Romance
1278,Comedy|Horror
1279,Comedy|Drama
1280,Drama
1281,Comedy
1282,Animation|Children's|Musical
1283,Western
1284,Film-Noir|Mystery
1285,Comedy
1286,Drama|Romance
1287,Action|Adventure|Drama
1288,Comedy|Drama|Musical
1289,Documentary|War
1290,Drama|Romance
1291,Action|Adventure
1292,Comedy
1293,Drama
1294,Comedy|War
1295,Drama
1296,Drama|Romance
1297,Comedy
1298,Drama|Musical|War
1299,Drama|War
1300,Drama
1301,Sci-Fi
1302,Drama
1303,Adventure
1304,Action|Comedy|Western
1305,Drama
1306,Drama|Sci-Fi
1307,Comedy|Romance
1310,Documentary
1311,Comedy
1312,Drama
1313,Crime
1315,Documentary
1316,Drama
1317,Comedy
1320,Action|Horror|Sci-Fi|Thriller
1321,Horror
1322,Horror
1323,Horror
1324,Horror
1325,Horror
1326,Horror
1327,Horror
1328,Horror
1329,Horror
1330,Comedy|Horror
1331,Horror
1332,Horror|Thriller
1333,Horror
1334,Horror|Sci-Fi
1335,Action|Horror
1336,Horror
1337,Horror
1339,Horror|Romance
1340,Horror
1341,Horror
1342,Horror
1343,Thriller
1344,Film-Noir|Thriller
1345,Horror
1346,Horror
1347,Horror
1348,Horror
1349,Horror
1350,Horror
1351,Drama
1352,Crime|Thriller
1353,Comedy|Romance
1354,Drama
1355,Horror|Thriller
1356,Action|Adventure|Sci-Fi
1357,Drama|Romance
1358,Drama|Thriller
1359,Adventure|Children's|Comedy
1360,Drama
1361,Documentary
1362,Drama
1363,Drama
1364,Action
1365,Drama
1366,Drama
1367,Children's|Comedy
1369,Drama|Thriller
1370,Action|Thriller
1371,Action|Adventure|Sci-Fi
1372,Action|Adventure|Sci-Fi
1373,Action|Adventure|Sci-Fi
1374,Action|Adventure|Sci-Fi
1375,Action|Adventure|Sci-Fi
1376,Action|Adventure|Sci-Fi
1377,Action|Adventure|Comedy|Crime
1378,Action|Comedy|Western
1379,Action|Comedy|Western
1380,Comedy|Musical|Romance
1381,Comedy|Musical|Romance
1382,Action|Drama
1383,Action|Sci-Fi
1384,Drama
1385,Action
1386,Western
1387,Action|Horror
1388,Action|Horror
1389,Action|Horror
1390,Comedy
1391,Action|Comedy|Sci-Fi|War
1392,Comedy|Drama
1393,Drama|Romance
1394,Comedy
1395,Comedy|Drama
1396,Crime|Drama|Sci-Fi
1397,Drama
1398,Romance|War
1399,Drama
1401,Drama
1404,Crime|Drama
1405,Animation|Comedy
1406,Drama
1407,Horror|Thriller
1408,Action|Romance|War
1409,Comedy|Romance
1410,Comedy|Drama
1411,Drama
1412,Drama
1413,Drama
1414,Comedy
1415,Crime|Drama|Romance
1416,Drama|Musical
1417,Drama
1419,Drama
1420,Documentary
1421,Documentary
1422,Mystery|Thriller
1423,Drama
1425,Comedy
1426,Children's
1427,Thriller
1428,Drama
1429,Action
1430,Thriller
1431,Action|Comedy
1432,Action
1433,Comedy|Horror
1434,Action
1436,Comedy
1437,Drama
1438,Action|Thriller
1439,Comedy
1440,Comedy
1441,Comedy|Romance
1442,Drama
1444,Comedy
1445,Comedy|War
1446,Comedy
1447,Crime
1449,Comedy
1450,War
1453,Comedy|Romance
1454,Comedy
1455,Comedy|Romance
1456,Comedy
1457,Comedy|Romance
1458,Romance
1459,Mystery|Thriller
1460,Children's|Comedy|Mystery
1461,Comedy
1463,Comedy|Romance
1464,Mystery
1465,Drama
1466,Crime|Drama
1468,Comedy|Romance
1470,Documentary
1471,Drama
1472,Crime|Thriller
1473,Action|Comedy|Crime|Drama
1474,Children's|Comedy
1475,Romance
1476,Comedy|Drama
1477,Romance
1479,Action|Romance|Thriller
1480,Action|Drama|Thriller
1482,Comedy|Drama
1483,Drama|Thriller
1484,Mystery
1485,Comedy
1486,Drama
1487,Drama|Musical
1488,Action|Drama|Thriller|War
1489,Animation|Children's|Musical
1490,Comedy
1493,Romance
1494,Comedy
1495,Action|Adventure|Children's
1496,Drama|Romance
1497,Action
1498,Drama|Romance
1499,Action|Adventure|Thriller
1500,Comedy|Crime
1501,Crime
1502,Romance
1503,Comedy
1504,Drama
1507,Drama|War
1508,Drama
1509,Drama
1510,Drama
1511,Comedy
1513,Comedy
1514,Romance
1515,Drama|Thriller
1516,Comedy
1517,Comedy
1518,Action|Thriller
1519,Drama
1520,Romance
1522,Drama
1523,Action|Crime|Romance
1525,Action|Adventure|Children's|Fantasy
1526,Comedy
1527,Action|Sci-Fi
1528,Comedy
1529,Drama
1531,Drama
1532,Comedy
1533,Drama
1534,Drama
1535,Drama|Romance
1537,Comedy
1538,Adventure|Children's
1539,Comedy|Crime
1541,Comedy|Romance
1542,Comedy|Drama|Romance
1543,Drama
1544,Action|Adventure|Sci-Fi|Thriller
1545,Drama
1546,Comedy
1547,Children's|Drama
1548,Drama
1549,Drama|Romance
1550,Comedy|Romance
1551,Adventure|Children's|Drama
1552,Action|Adventure|Thriller
1553,Comedy
1554,Drama|Romance
1555,Drama
1556,Action|Romance|Thriller
1558,Comedy
1561,Comedy
1562,Action|Adventure|Crime
1563,Drama
1564,Comedy|Romance
1565,Comedy|Thriller
1566,Adventure|Animation|Children's|Comedy|Musical
1567,Drama
1569,Comedy|Romance
1570,Sci-Fi
1571,Comedy|Romance
1572,Drama
1573,Action|Sci-Fi|Thriller
1574,Romance
1575,Drama
1579,Drama
1580,Action|Adventure|Comedy|Sci-Fi
1581,Comedy
1582,Adventure|Children's
1583,Children's|Fantasy
1584,Drama|Sci-Fi
1585,Comedy
1586,Action|Drama|War
1587,Action|Adventure
1588,Children's|Comedy
1589,Crime|Drama|Mystery
1590,Action|Mystery|Sci-Fi|Thriller
1591,Action|Adventure|Sci-Fi|Thriller
1592,Children's|Comedy
1593,Comedy|Romance
1594,Drama
1595,Adventure|Children's|Drama
1596,Drama
1597,Action|Mystery|Romance|Thriller
1598,Crime|Drama|Thriller
1599,Action
1600,Drama|Romance
1601,Crime|Drama|Film-Noir
1602,Comedy
1603,Sci-Fi|Thriller
1604,Action|Comedy
1605,Adventure|Romance
1606,Action|Adventure
1608,Action|Thriller
1609,Drama
1610,Action|Thriller
1611,Drama
1612,Comedy
1613,Drama
1614,Comedy
1615,Adventure|Thriller
1616,Action|Thriller|War
1617,Crime|Film-Noir|Mystery|Thriller
1619,Drama|War
1620,Crime|Drama|Thriller
1621,Drama
1622,Comedy|Drama
1623,Horror
1624,Drama
1625,Mystery|Thriller
1626,Action|Drama|Thriller
1627,Action|Crime|Mystery
1629,Comedy|Romance
1630,Comedy|Drama
1631,Thriller
1632,Comedy|Romance
1633,Drama
1635,Drama
1636,Action|Thriller
1639,Drama|Romance
1640,Comedy
1641,Comedy
1642,Comedy|Drama
1643,Drama|Romance
1644,Horror|Mystery|Thriller
1645,Crime|Horror|Mystery|Thriller
1646,Comedy
1647,Crime|Thriller
1648,Comedy|Drama|Thriller
1649,Documentary
1650,Drama
1651,Drama
1652,Documentary
1653,Drama|Sci-Fi|Thriller
1654,Children's|Drama|Fantasy
1655,Horror
1656,Romance
1657,Documentary
1658,Romance|Thriller
1659,Drama
1660,Drama
1661,Thriller
1662,Crime
1663,Comedy
1664,Drama
1665,Comedy
1666,Romance
1667,Action|Drama
1668,Drama
1669,Romance
1670,Drama|War
1671,Crime
1672,Drama
1673,Drama
1674,Drama|Romance|Thriller
1675,Crime|Thriller
1676,Action|Adventure|Sci-Fi|War
1677,Comedy
1678,Drama
1679,Comedy
1680,Drama|Romance
1681,Action|Adventure
1682,Drama
1683,Drama|Romance|Thriller
1684,Romance
1685,Romance
1686,Crime|Thriller
1687,Action|Thriller
1688,Animation|Children's|Musical
1689,Comedy|Mystery
1690,Action|Horror|Sci-Fi
1692,Horror|Sci-Fi
1693,Drama
1694,Drama
1695,Drama
1696,Drama|War
1699,Drama
1701,Comedy|Drama
1702,Children's|Comedy|Fantasy
1703,Comedy
1704,Drama
1707,Children's|Comedy
1709,Thriller
1711,Comedy|Crime|Drama|Mystery
1713,Children's|Comedy
1714,Romance
1715,Thriller
1717,Horror|Thriller
1718,Thriller
1719,Drama
1720,Action|Adventure|Sci-Fi
1721,Drama|Romance
1722,Action|Romance|Thriller
1724,Drama
1725,Drama
1726,Drama
1727,Drama
1728,Drama
1729,Crime|Drama
1730,Drama
1731,Comedy
1732,Comedy|Crime|Mystery|Thriller
1733,Drama|Romance
1734,Comedy|Drama
1735,Drama|Romance
1739,Action|Children's
1741,Drama
1743,Documentary
1744,Action|Adventure|Thriller
1746,Comedy
1747,Comedy|Drama
1748,Film-Noir|Sci-Fi|Thriller
1749,Romance
1750,Adventure|Children's|Fantasy|Sci-Fi
1752,Action|Thriller
1753,Comedy
1754,Action|Mystery|Thriller
1755,Romance
1756,Horror
1758,Drama
1759,Drama
1760,Comedy|Musical
1762,Action|Horror|Sci-Fi
1764,Comedy|Thriller
1767,Drama|Romance
1769,Action|Thriller
1770,Romance|Thriller
1771,Horror
1772,Action|Comedy|Musical
1773,Action|Drama
1777,Comedy|Romance
1779,Adventure|Sci-Fi|Thriller
1780,Documentary
1782,Comedy|Romance
1783,Film-Noir|Mystery|Thriller
1784,Comedy|Drama
1785,Action|Crime
1787,Documentary
1788,Action|Drama
1791,Crime|Drama
1792,Action|Thriller
1793,Comedy
1794,Comedy|Drama
1795,Drama
1796,Action|Drama
1797,Documentary
1798,Thriller
1799,Crime|Drama
1801,Action|Drama|Romance
1804,Crime|Drama
1805,Crime|Drama|Mystery|Thriller
1806,Adventure|Children's|Comedy
1807,Drama
1809,Comedy|Crime|Drama
1810,Drama
1811,Drama
1812,Children's|Comedy|Drama
1814,Drama
1815,Drama
1816,Comedy|Drama
1817,Comedy|Drama|Romance
1820,Drama
1821,Comedy|Romance
1822,Children's|Comedy
1824,Comedy|Thriller
1825,Action|Drama
1826,Adventure|Children's
1827,Comedy|Documentary
1829,Drama|Romance
1830,Comedy
1831,Action|Sci-Fi|Thriller
1832,Action|Drama
1833,Action|Drama|Thriller
1834,Drama|Thriller
1835,Romance
1836,Drama
1837,Comedy
1839,Comedy
1840,Drama
1841,Drama|Thriller
1842,Crime|Drama
1843,Children's|Comedy
1844,Drama
1845,Comedy|Thriller
1846,Drama
1848,Adventure|Children's|Comedy|Fantasy
1849,Adventure
1850,Drama|Romance
1851,Drama|Romance
1852,Drama|Thriller
1853,Comedy
1854,Comedy|Romance
1855,Comedy
1856,Documentary|Musical
1857,Comedy
1858,Action|Comedy
1859,Drama
1860,Drama
1861,Comedy|Thriller
1862,Horror|Sci-Fi
1863,Comedy
1864,Comedy
1865,Documentary
1866,Action|Comedy
1867,Action|Adventure
1868,Drama|War
1869,Action|Thriller
1870,Comedy|Drama
1871,Comedy|Drama
1872,Drama
1873,Drama
1874,Comedy|Romance
1875,Comedy
1876,Action|Drama|Sci-Fi|Thriller
1877,Drama
1878,Comedy|Romance
1879,Drama
1880,Drama
1881,Adventure|Animation|Children's|Fantasy
1882,Action|Sci-Fi
1883,Comedy
1884,Comedy|Drama
1885,Comedy|Drama
1886,Comedy
1887,Adventure|Comedy
1888,Comedy|Drama|Romance
1889,Thriller
1890,Drama
1891,Horror|Thriller
1892,Mystery|Thriller
1893,Drama
1894,Adventure|Comedy|Romance
1895,Comedy|Drama|Romance
1896,Comedy
1897,Drama|Romance
1898,Drama|War
1899,Adventure|Drama
1900,Drama
1901,Documentary
1902,Drama|Romance
1903,Comedy
1904,Comedy|Drama
1905,Drama
1906,Comedy|Romance
1907,Animation|Children's
1908,Drama|Thriller
1909,Mystery|Sci-Fi|Thriller
1910,Action|Comedy|Crime
1911,Comedy
1912,Action|Crime|Romance
1913,Drama|Mystery
1914,Comedy|Drama
1915,Drama
1916,Action|Comedy|Drama
1917,Action|Adventure|Sci-Fi|Thriller
1918,Action|Comedy|Crime|Drama
1919,Children's|Comedy
1920,Animation|Children's|Fantasy|War
1921,Sci-Fi|Thriller
1922,Drama
1923,Comedy
1924,Horror|Sci-Fi
1925,Drama|Romance|War
1926,Musical
1927,War
1928,Western
1929,Drama
1930,Drama
1931,Adventure
1932,Musical
1933,Drama
1934,Comedy
1935,Drama
1936,Drama|War
1937,Comedy
1938,Drama
1939,Drama|War
1940,Drama
1941,Drama
1942,Drama
1943,Drama
1944,Drama|Romance|War
1945,Crime|Drama
1946,Drama|Romance
1947,Musical|Romance
1948,Comedy
1949,Drama
1950,Drama|Mystery
1951,Musical
1952,Drama
1953,Action|Crime|Drama|Thriller
1954,Action|Drama
1955,Drama
1956,Drama
1957,Drama
1958,Comedy|Drama
1959,Drama|Romance
1960,Drama|War
1961,Drama
1962,Drama
1963,Comedy
1964,Drama|Mystery
1965,Comedy|Sci-Fi
1966,Comedy
1967,Adventure|Children's|Fantasy
1968,Comedy|Drama
1969,Horror
1970,Horror
1971,Horror
1972,Horror
1973,Horror
1974,Horror
1975,Horror
1976,Horror
1977,Horror
1978,Horror
1979,Horror
1980,Horror
1981,Horror
1982,Horror
1983,Horror
1984,Horror
1985,Horror
1986,Horror
1987,Horror
1988,Horror
1989,Horror
1990,Horror
1991,Horror
1992,Horror
1993,Horror
1994,Horror|Thriller
1995,Horror|Thriller
1996,Horror|Thriller
1997,Horror
1998,Horror
1999,Horror
2000,Action|Comedy|Crime|Drama
2001,Action|Comedy|Crime|Drama
2002,Action|Comedy|Crime|Drama
2003,Comedy|Horror
2004,Comedy|Horror
2005,Adventure|Children's|Fantasy
2006,Action|Adventure|Romance
2007,Comedy
2008,Crime|Drama|Film-Noir
2009,Sci-Fi|Thriller
2010,Sci-Fi
2011,Comedy|Sci-Fi
2012,Comedy|Sci-Fi|Western
2013,Action|Adventure
2014,Children's|Comedy
2015,Children's|Comedy|Fantasy
2016,Children's|Comedy|Western
2017,Children's|Fantasy|Musical
2018,Animation|Children's
2019,Action|Drama
2020,Drama|Romance
2021,Fantasy|Sci-Fi
2022,Drama
2023,Action|Crime|Drama
2024,Drama|Mystery
2025,Drama|Romance
2026,Horror|Thriller
2027,Comedy|Crime
2028,Action|Drama|War
2029,Comedy|Romance
2031,Children's|Comedy
2032,Children's|Comedy
2033,Animation|Children's
2034,Sci-Fi
2035,Children's|Comedy
2036,Children's|Comedy
2037,Adventure|Children's|Comedy
2038,Children's|Comedy|Sci-Fi
2039,Adventure|Children's
2040,Children's|Comedy
2041,Action|Adventure|Children's|Comedy
2042,Children's|Comedy
2043,Adventure|Children's|Fantasy
2044,Comedy
2045,Adventure|Children's|Drama|Romance
2046,Adventure|Children's|Sci-Fi
2047,Children's
2048,Animation|Children's
2049,Comedy|Musical
2050,Adventure|Children's|Comedy
2051,Adventure|Children's|Comedy
2052,Children's|Comedy
2053,Children's|Comedy|Sci-Fi
2054,Adventure|Children's|Comedy|Fantasy|Sci-Fi
2055,Comedy|Western
2056,Adventure|Children's
2057,Adventure|Children's
2058,Action|Thriller
2059,Children's|Drama
2060,Comedy
2061,Documentary
2062,Drama|Romance
2063,Drama|Romance
2064,Comedy|Documentary
2065,Comedy|Drama|Romance
2066,Film-Noir
2067,Drama|Romance|War
2068,Drama
2069,Drama
2070,Drama
2071,Drama
2072,Comedy
2073,Comedy
2074,Drama
2075,Drama|War
2076,Drama|Mystery
2077,Adventure|Children's
2078,Animation|Children's|Comedy|Musical
2079,Children's|Drama
2080,Animation|Children's|Comedy|Musical|Romance
2081,Animation|Children's|Comedy|Musical|Romance
2082,Children's|Comedy
2083,Children's|Musical
2084,Children's|Musical
2085,Animation|Children's
2086,Drama|Fantasy
2087,Animation|Children's|Fantasy|Musical
2088,Adventure|Comedy|Musical
2089,Animation|Children's
2090,Animation|Children's
2091,Children's|Sci-Fi
2092,Animation|Children's|Musical
2093,Adventure|Children's|Fantasy|Sci-Fi
2094,Action|Adventure|Sci-Fi
2095,Children's|Comedy
2096,Animation|Children's|Musical
2097,Children's|Horror
2098,Children's|Comedy
2099,Adventure|Animation|Children's|Musical
2100,Comedy|Fantasy|Romance
2101,Adventure|Drama
2102,Animation|Children's|Comedy|Musical
2103,Adventure|Children's
2104,Drama
2105,Action|Adventure|Fantasy|Sci-Fi
2106,Drama|War
2107,Horror|Thriller
2108,Comedy|Romance
2109,Comedy
2110,Comedy|Crime|Thriller
2111,Comedy
2112,Crime|Drama
2113,Horror|Thriller
2114,Drama
2115,Action|Adventure
2116,Adventure|Animation|Children's|Sci-Fi
2117,Drama|Sci-Fi
2118,Horror|Thriller
2119,Horror
2120,Drama|Horror
2121,Horror|Thriller
2122,Horror|Thriller
2123,Animation|Children's
2124,Comedy
2125,Drama|Romance
2126,Action|Crime|Mystery|Thriller
2127,Drama|Romance
2128,Comedy
2129,Documentary
2130,Crime|Drama|Romance
2131,Drama
2132,Drama
2133,Adventure|Comedy
2134,Comedy
2135,Adventure|Musical
2136,Comedy
2137,Animation|Children's
2138,Animation|Children's|Drama|Fantasy
2139,Animation|Children's
2140,Children's|Fantasy|Sci-Fi
2141,Animation|Children's|Comedy
2142,Animation|Children's|Comedy
2143,Adventure|Fantasy|Romance
2144,Comedy
2145,Comedy|Drama|Romance
2146,Drama|Romance
2147,Drama
2148,Comedy|Horror
2149,Comedy|Horror
2150,Comedy
2151,Comedy
2152,Children's|Comedy
2153,Action|Adventure
2154,Drama|Romance
2155,Comedy
2156,Comedy|Drama
2157,Romance
2158,Crime|Horror
2159,Crime|Horror
2160,Horror|Thriller
2161,Adventure|Children's|Fantasy
2162,Adventure|Children's|Fantasy
2163,Comedy|Horror
2164,Drama
2165,Drama
2166,Drama|Romance
2167,Action|Adventure|Horror
2168,Drama|Romance
2169,Comedy
2170,Action|Comedy
2171,Comedy|Drama|Romance
2172,Comedy
2173,Adventure|Fantasy|Sci-Fi
2174,Comedy|Fantasy
2175,Drama|Romance
2176,Thriller
2177,Comedy|Thriller
2178,Thriller
2179,Thriller
2180,Thriller
2181,Thriller
2182,Drama|Film-Noir|Thriller
2183,Thriller
2184,Mystery|Thriller
2185,Thriller
2186,Film-Noir|Thriller
2187,Mystery|Thriller
2188,Drama
2189,Animation
2190,Drama
2191,Comedy
2192,Drama
2193,Action|Adventure|Fantasy
2194,Action|Crime|Drama
2195,Comedy
2196,Action
2197,Drama
2198,Documentary
2200,Drama
2201,Drama
2202,Drama|Thriller|War
2203,Film-Noir|Thriller
2204,Thriller
2205,Comedy
2206,Mystery|Thriller
2207,Drama
2208,Comedy|Mystery|Romance|Thriller
2209,Crime|Thriller
2210,Thriller
2211,Thriller
2212,Thriller
2213,Comedy|Musical
2214,Thriller
2215,Comedy|Romance
2217,Comedy|Musical
2218,Drama
2219,Mystery|Thriller
2221,Thriller
2223,Comedy
2226,Drama
2227,Thriller
2231,Crime|Drama
2232,Sci-Fi|Thriller
2233,Drama
2234,Drama
2235,Drama|War
2236,Drama
2237,Drama
2238,Comedy|Drama
2239,Comedy|Drama
2240,Drama
2241,Comedy
2242,Drama
2243,Comedy|Drama|Romance
2244,Comedy|Romance
2245,Comedy|Drama
2246,Comedy
2247,Comedy
2248,Comedy|Drama|Romance
2249,Comedy
2250,Drama
2251,Comedy
2252,Comedy|Drama
2253,Action|Comedy|Fantasy
2254,Drama
2255,Comedy
2256,Horror|Sci-Fi
2257,Comedy|Romance
2258,Action
2259,Comedy|Romance
2260,Action|Crime
2261,Comedy
2262,Comedy|Drama|Romance
2263,Thriller
2264,Drama
2265,Adventure|Comedy
2266,Comedy|Romance
2267,Mystery|Thriller
2268,Crime|Drama
2269,Drama
2271,Drama
2272,Drama
2273,Action|Thriller
2275,Action|Adventure|Sci-Fi
2276,Drama
2277,Drama
2278,Action|Crime|Thriller
2279,Horror|Thriller
2280,Crime
2281,Crime
2282,Comedy|Drama
2283,Drama
2284,Drama
2285,Drama
2286,Comedy
2287,Sci-Fi|Thriller|War
2288,Action|Horror|Sci-Fi|Thriller
2289,Comedy|Drama
2290,Comedy|Drama
2291,Drama|Romance
2292,Romance
2293,Drama
2294,Animation|Children's
2295,Comedy
2296,Comedy
2297,Drama|Romance
2298,Thriller
2299,Comedy
2300,Comedy|Musical
2301,Comedy
2302,Comedy
2303,Drama|Musical
2304,Drama
2305,Drama
2306,Comedy
2307,Action|Drama
2308,Action|Crime
2309,Drama
2310,Drama
2311,Mystery|Sci-Fi
2312,Drama
2313,Drama
2314,Drama
2315,Horror|Thriller
2316,Drama|Romance
2317,Comedy
2318,Comedy
2320,Drama|Thriller
2321,Comedy
2322,Action|Adventure|Sci-Fi|Thriller|War
2323,Documentary
2324,Comedy|Drama
2325,Comedy
2326,Drama|Thriller
2327,Horror
2328,Horror
2329,Drama
2330,Documentary
2331,Comedy|Romance
2332,Crime|Drama
2333,Drama
2334,Action|Thriller
2335,Comedy
2336,Drama
2337,Drama
2338,Horror|Mystery|Thriller
2339,Comedy|Romance
2340,Romance
2341,Drama
2342,Comedy
2343,Drama
2344,Action|Adventure|Drama|Thriller
2345,Drama
2346,Sci-Fi|Thriller
2347,Action
2348,Drama
2349,Comedy|Thriller
2350,Comedy
2351,Drama
2352,Comedy|Drama
2353,Action|Thriller
2354,Animation|Children's|Comedy
2355,Animation|Children's|Comedy
2356,Comedy
2357,Drama
2358,Drama
2359,Comedy
2360,Drama
2361,Comedy
2362,Drama
2363,Action|Sci-Fi
2364,Action|Sci-Fi
2365,Action|Sci-Fi
2366,Action|Adventure|Horror
2367,Action|Adventure|Horror
2368,Action|Adventure|Horror
2369,Comedy|Romance
2370,Action|Adventure|Drama
2371,Comedy
2372,Comedy
2373,Action|Adventure
2374,Comedy|Drama
2375,Comedy
2376,Action
2377,Horror|Sci-Fi
2378,Comedy
2379,Comedy
2380,Comedy
2381,Comedy
2382,Comedy
2383,Comedy
2384,Children's|Comedy
2385,Comedy|Romance
2386,Drama
2387,Comedy|Crime
2388,Drama|Romance
2389,Crime|Horror|Thriller
2390,Comedy
2391,Crime|Thriller
2392,Comedy|Drama
2393,Action|Sci-Fi
2394,Animation|Musical
2395,Comedy
2396,Comedy|Romance
2397,Drama
2398,Drama
2399,Adventure|Children's|Fantasy
2400,Children's|Drama
2401,Western
2402,Action|War
2403,Action
2404,Action|War
2405,Action|Adventure|Comedy|Romance
2406,Action|Adventure|Comedy|Romance
2407,Comedy|Sci-Fi
2408,Comedy|Sci-Fi
2409,Action|Drama
2410,Action|Drama
2411,Action|Drama
2412,Action|Drama
2413,Comedy|Mystery
2414,Action|Adventure|Mystery
2415,Drama|Romance
2416,Comedy
2417,Comedy|Drama
2418,Comedy
2419,Drama|Thriller
2420,Drama
2421,Action|Adventure|Drama
2422,Action|Adventure|Drama
2423,Comedy
2424,Comedy|Romance
2425,Crime
2426,Comedy|Drama|Romance
2427,Action|Drama|War
2428,Horror|Sci-Fi
2429,Adventure|Children's|Drama
2430,Adventure|Children's|Drama
2431,Comedy|Drama
2432,Drama
2433,Drama
2434,Drama
2435,Drama
2436,Comedy
2437,Drama
2438,Drama|Thriller
2439,Drama
2440,Drama
2441,Drama|Western
2442,Drama
2443,Drama|Romance
2444,Comedy|Drama
2445,Drama
2446,Thriller
2447,Comedy|Drama
2448,Horror|Sci-Fi
2449,Adventure|Children's
2450,Adventure|Children's|Sci-Fi
2451,Horror
2452,Horror
2453,Drama|Fantasy
2454,Horror|Sci-Fi
2455,Horror|Sci-Fi
2456,Horror|Sci-Fi
2457,Action|Comedy
2458,Comedy|Crime
2459,Horror
2460,Horror
2461,Horror
2462,Horror
2463,Comedy
2464,Horror
2465,Horror
2466,Drama
2467,Mystery
2468,Action|Comedy|Romance|Thriller
2469,Comedy|Romance
2470,Adventure|Comedy
2471,Adventure|Comedy
2472,Comedy
2473,Comedy
2474,Drama
2475,Action|Mystery|Thriller
2476,Action|War
2477,Adventure
2478,Comedy|Western
2479,Drama|Thriller
2480,Drama
2481,Drama|Romance
2482,Comedy|Romance
2483,Comedy|Horror|Thriller
2484,Comedy
2485,Comedy|Romance
2486,Drama
2487,Action|Comedy
2488,Drama|Horror|Thriller
2490,Action|Thriller
2491,Comedy|Romance
2492,Comedy
2493,Drama
2494,Documentary
2495,Animation|Sci-Fi
2496,Comedy|Romance
2497,Romance
2498,Comedy|Sci-Fi
2499,Comedy
2500,Comedy
2501,Drama
2502,Comedy|Romance
2503,Drama
2504,Comedy|Drama
2505,Thriller
2506,Comedy|Drama|Romance
2507,Comedy
2509,Comedy
2510,Comedy|Romance
2511,Crime
2512,Drama
2513,Horror
2514,Horror
2515,Horror
2516,Horror
2517,Horror
2518,Comedy
2519,Horror
2520,Drama
2521,Drama
2522,Drama
2523,Drama|Thriller
2524,Action|Drama
2525,Action|Horror|Sci-Fi
2526,Sci-Fi
2527,Action|Sci-Fi|Thriller|Western
2528,Action|Adventure|Sci-Fi
2529,Action|Sci-Fi
2530,Action|Sci-Fi
2531,Action|Sci-Fi
2532,Action|Sci-Fi
2533,Action|Sci-Fi
2534,Action
2535,Action
2536,Drama
2537,Adventure
2538,Documentary
2539,Comedy
2540,Action|Crime|Drama|Thriller
2541,Drama
2542,Comedy|Crime|Thriller
2543,Comedy
2544,Drama
2545,Comedy
2546,Drama
2548,Horror
2549,Action|Sci-Fi
2550,Horror|Thriller
2551,Drama|Thriller
2552,Comedy
2553,Horror|Sci-Fi|Thriller
2554,Horror|Sci-Fi|Thriller
2555,Comedy
2556,Comedy|Drama|Romance
2557,Drama
2558,Comedy|Romance
2559,Animation|Children's
2560,Drama|Horror
2561,Crime|Thriller
2562,Drama
2563,Drama
2565,Musical
2566,Animation|Children's
2567,Comedy
2568,Action|Crime
2569,Drama|Romance
2570,Drama|Romance
2571,Action|Sci-Fi|Thriller
2572,Comedy|Romance
2573,Drama
2574,Comedy
2575,Drama
2576,Drama
2577,Comedy|Drama
2578,Sci-Fi
2579,Drama
2580,Crime
2581,Comedy|Romance
2582,Action|Comedy
2583,Mystery
2584,Comedy
2585,Drama|Romance
2586,Comedy|Crime|Thriller
2587,Comedy
2589,Comedy|Drama|Romance
2590,Drama
2591,Comedy|Romance
2592,Drama
2593,Comedy
2594,Drama|Romance|Sci-Fi
2596,Comedy|Drama
2597,Comedy|Romance
2598,Comedy
2599,Comedy
2600,Action|Sci-Fi|Thriller
2602,Adventure|Sci-Fi
2605,Crime|Thriller
2606,Comedy|Horror
2607,Drama
2608,Thriller
2609,Drama
2610,Drama
2611,Drama
2612,Drama
2613,Action|Horror|Sci-Fi
2614,Action|Horror|Sci-Fi
2615,Adventure|Sci-Fi
2616,Action|Crime
2617,Action|Adventure|Horror|Thriller
2618,Comedy
2619,Drama
2620,Drama|Romance
2621,Drama|Romance
2622,Comedy|Fantasy
2623,Comedy
2624,Drama
2625,Action
2626,Comedy|Drama|Romance
2627,Documentary|Drama
2628,Action|Adventure|Fantasy|Sci-Fi
2629,Comedy|Romance
2630,Drama
2631,Comedy|Film-Noir|Thriller
2632,Drama
2633,Horror|Romance
2634,Horror
2635,Horror
2636,Horror
2637,Horror
2638,Horror
2639,Drama
2640,Action|Adventure|Sci-Fi
2641,Action|Adventure|Sci-Fi
2642,Action|Adventure|Sci-Fi
2643,Action|Adventure|Sci-Fi
2644,Horror
2645,Horror
2646,Horror
2647,Horror
2648,Horror
2649,Horror
2650,Horror
2651,Horror
2652,Horror
2653,Horror
2654,Horror
2655,Horror
2656,Horror|Sci-Fi
2657,Comedy|Horror|Musical|Sci-Fi
2658,Sci-Fi
2659,Comedy|Documentary
2660,Sci-Fi
2661,Sci-Fi
2662,Action|Sci-Fi|War
2663,Sci-Fi
2664,Horror|Sci-Fi
2665,Sci-Fi
2666,Sci-Fi
2667,Sci-Fi
2668,Horror|Sci-Fi
2669,War
2670,War
2671,Comedy|Romance
2672,Drama|Sci-Fi|Thriller
2673,Drama
2674,Drama
2675,Comedy|Drama|Romance
2676,Drama|Thriller
2677,Documentary
2678,Drama
2679,Drama|Romance
2681,Comedy|Romance|Sci-Fi
2682,Drama
2683,Comedy
2685,Comedy|Drama
2686,Drama|Mystery
2687,Animation|Children's
2688,Drama|Thriller
2689,Documentary
2690,Comedy
2691,Drama
2692,Action|Crime|Romance
2693,Documentary
2694,Comedy
2695,Drama
2696,Comedy
2697,Comedy|Drama|Romance
2699,Action|Comedy|Sci-Fi|Thriller
2700,Animation|Comedy
2701,Action|Sci-Fi|Western
2702,Drama
2703,Drama
2704,Drama|Romance
2705,Drama
2706,Comedy
2707,Thriller
2708,Romance
2709,Children's|Comedy
2710,Horror
2711,Drama
2712,Drama
2713,Horror|Thriller
2714,Drama
2715,Comedy|Romance
2716,Comedy|Horror
2717,Comedy|Horror
2718,Comedy
2719,Horror|Thriller
2720,Action|Adventure|Children's|Comedy
2721,Romance
2722,Action|Sci-Fi|Thriller
2723,Action|Adventure|Comedy
2724,Comedy|Romance
2725,Drama
2726,Crime|Film-Noir
2727,Film-Noir
2728,Drama
2729,Drama
2730,Drama
2731,Drama
2732,Drama
2733,Adventure|Comedy
2734,Drama
2735,Action|Adventure|Comedy
2736,Comedy
2737,Action
2738,Comedy|Drama
2739,Drama
2740,Horror
2741,Action|Thriller
2742,Comedy|Drama
2743,Drama
2744,Drama
2745,Drama
2746,Comedy|Horror|Musical
2747,Comedy|Horror
2748,Action|Adventure
2749,Drama|Mystery
2750,Comedy|Drama
2751,Comedy
2752,Comedy|Mystery
2753,Thriller
2754,Horror
2755,Drama
2756,Action
2757,Drama
2758,Drama
2759,Comedy
2760,Drama
2761,Animation|Children's
2762,Thriller
2763,Action|Thriller
2764,Crime|Drama|Thriller
2765,Comedy|Drama
2766,Comedy|Drama
2767,Comedy
2768,Comedy
2769,Crime|Mystery
2770,Comedy
2771,Drama
2772,Comedy
2773,Drama
2774,Comedy|Romance
2775,Drama
2776,Documentary
2777,Drama
2778,Thriller
2779,Comedy
2780,Comedy|Horror
2781,Horror
2782,Horror
2783,Horror
2784,Horror
2785,Horror
2786,Comedy
2787,Horror
2788,Comedy
2789,Horror
2790,Horror
2791,Comedy
2792,Comedy
2793,Comedy|Horror
2794,Comedy
2795,Comedy
2796,Comedy
2797,Comedy|Fantasy
2798,Comedy
2799,Comedy
2800,Animation|Children's
2801,Drama|Romance
2802,Action|Romance|Thriller
2803,Thriller
2804,Comedy|Drama
2805,Comedy|Romance
2806,Comedy|Thriller
2807,Action|Sci-Fi
2808,Action|Sci-Fi
2809,Comedy
2810,Animation|Mystery
2811,Comedy
2812,Action|Thriller
2813,Documentary
2814,Horror
2815,Action|War
2816,Action|War
2817,Action|War
2818,Action|War
2819,Thriller
2820,Drama
2821,Adventure|Drama
2822,Adventure|Romance
2823,Action|Drama
2824,Documentary
2825,Drama
2826,Action|Horror|Thriller
2827,Sci-Fi|Thriller
2828,Children's|Comedy
2829,Comedy|Drama
2830,Drama
2831,Drama
2833,Romance|War
2834,Comedy|Romance
2835,Action|Thriller
2836,Comedy
2837,Comedy|Romance
2839,Drama
2840,Thriller
2841,Thriller
2842,Crime|Drama
2843,Comedy|Romance
2844,Drama|Mystery
2845,Drama
2846,Children's
2847,Drama
2848,Drama
2849,Comedy|Drama
2850,Drama|Thriller
2851,Adventure|Sci-Fi|Thriller
2852,Drama
2853,Horror
2854,Horror
2855,Horror
2856,Thriller
2857,Animation|Musical
2858,Comedy|Drama
2859,Documentary
2860,Comedy
2861,Comedy|Drama
2862,Drama
2863,Comedy|Musical
2864,Comedy
2865,Comedy
2866,Drama
2867,Comedy|Horror
2868,Horror
2869,Drama
2870,Comedy
2871,Adventure|Thriller
2872,Action|Drama|Fantasy|Romance
2873,Drama|Mystery|Romance
2874,Comedy
2875,Drama|Mystery|Romance
2876,Animation|Children's
2877,Drama|Musical
2878,Horror
2879,Action|Adventure|Comedy
2880,Action|Adventure|Comedy
2881,Action|Thriller
2882,Drama
2883,Comedy
2884,Comedy|Romance
2885,Drama|Romance
2886,Children's|Comedy
2887,Drama
2888,Comedy|Romance
2889,Comedy
2890,Drama|War
2891,Comedy
2892,Action|Drama
2893,Action|Drama
2894,Drama|Romance
2895,Adventure
2896,Western
2897,Comedy|War
2898,Horror|Mystery
2899,Adventure|Animation|Children's
2900,Horror|Sci-Fi
2901,Horror|Sci-Fi
2902,Horror|Thriller
2903,Horror|Thriller
2904,Drama
2905,Action|Adventure
2906,Drama|Romance
2907,Comedy
2908,Drama
2909,Documentary
2911,Drama
2912,Action|Crime|Drama
2913,Comedy
2914,Comedy|Drama
2915,Comedy
2916,Action|Adventure|Sci-Fi|Thriller
2917,Crime|Thriller
2918,Comedy
2919,Drama|Romance
2920,Drama|Romance
2921,Western
2922,Western
2923,Comedy
2924,Action|Comedy
2925,Drama
2926,Comedy|Drama
2927,Drama|Romance
2928,Drama
2929,Drama
2930,Documentary
2931,Drama
2932,Drama
2933,Drama
2934,Musical
2935,Comedy|Romance
2936,Comedy
2937,Comedy
2938,Drama
2939,Drama|Thriller
2940,Film-Noir
2941,Musical|Romance|War
2942,Drama|Romance
2943,Drama|Romance
2944,Action|War
2945,Mystery
2946,Comedy|Musical
2947,Action
2948,Action
2949,Action
2950,Adventure|Drama|Romance
2951,Action|Western
2952,Crime|Thriller
2953,Children's|Comedy
2955,Drama
2956,Action|Crime|Thriller
2959,Drama
2960,Drama
2961,Comedy|Drama
2962,Comedy|Romance
2963,Crime|Drama
2964,Drama
2965,Action
2966,Drama
2967,Drama|Thriller
2968,Adventure|Fantasy|Sci-Fi
2969,Drama|Romance
2970,Adventure|Drama
2971,Musical
2972,Drama|War
2973,Comedy
2974,Horror|Thriller
2975,Drama
2976,Drama|Horror
2977,Comedy|Drama
2978,Comedy|Romance
2979,Drama
2981,Documentary
2982,Horror|Thriller
2983,Thriller
2984,Documentary
2985,Action|Crime|Sci-Fi
2986,Action|Crime|Sci-Fi
2987,Adventure|Animation|Film-Noir
2988,Drama
2989,Action
2990,Action
2991,Action
2992,Horror|Thriller
2993,Action
2994,Drama
2995,Horror
2996,Drama
2997,Comedy
2998,Romance
2999,Comedy
3000,Action|Adventure|Animation
3001,Drama
3002,Documentary
3003,Comedy|Drama
3004,Comedy|Romance
3005,Thriller
3006,Drama
3007,Documentary
3008,Thriller
3010,Drama
3011,Drama
3012,Comedy
3013,Comedy|Horror
3014,Comedy
3015,Thriller
3016,Horror
3017,Horror
3018,Horror
3019,Crime|Drama
3020,Action|Drama
3021,Horror
3022,Comedy
3024,Horror|Sci-Fi
3025,Western
3026,Horror
3027,Horror
3028,Comedy
3029,Action|Drama
3030,Comedy|Drama|Western
3031,Comedy
3032,Sci-Fi
3033,Comedy|Sci-Fi
3034,Animation|Children's
3035,Comedy|Drama|War
3036,Adventure
3037,Comedy|Drama|Western
3038,Drama
3039,Comedy
3040,Comedy
3041,Comedy
3042,Comedy
3043,Comedy
3044,Mystery|Romance|Thriller
3045,Comedy|Drama
3046,Comedy|Romance
3047,Drama
3048,Comedy
3049,Comedy|War
3050,Drama
3051,Drama
3052,Comedy
3053,Drama|War
3054,Animation|Children's
3055,Thriller
3056,Thriller
3057,Comedy
3058,Horror|Sci-Fi
3060,Comedy|Drama
3061,Comedy|Musical
3062,Action|Drama|War
3063,Thriller
3064,Thriller
3065,Drama
3066,War
3067,Comedy|Drama
3068,Drama
3069,Drama
3070,Adventure|Comedy|Sci-Fi
3071,Drama
3072,Comedy
3073,Drama|Romance
3074,Western
3075,Thriller
3076,Comedy
3077,Documentary
3078,Drama
3079,Drama
3081,Horror|Romance
3082,Action|Thriller
3083,Comedy|Drama
3084,Documentary
3085,Horror
3086,Comedy
3087,Comedy
3088,Comedy
3089,Drama
3090,Drama
3091,Drama|War
3092,Drama
3093,Drama|Western
3094,Drama|Romance
3095,Drama
3096,Comedy
3097,Comedy|Romance
3098,Drama
3099,Comedy|Romance
3100,Drama
3101,Thriller
3102,Thriller
3103,Drama|Romance
3104,Action|Adventure|Comedy|Crime
3105,Drama
3106,Drama|Romance
3107,Action|Drama
3108,Comedy|Drama|Romance
3109,Drama
3110,Drama
3111,Drama
3112,Drama
3113,Action|Thriller
3114,Animation|Children's|Comedy
3115,Drama
3116,Drama
3117,Drama|Romance|War
3118,Drama
3119,Horror
3120,Comedy
3121,Film-Noir
3122,Drama|Romance|Western
3123,Comedy
3124,Comedy|Drama
3125,Drama
3126,Drama
3127,Drama
3128,Drama
3129,Comedy|Drama
3130,Comedy
3131,Comedy
3132,Comedy
3133,Comedy
3134,Drama|War
3135,Drama
3136,Documentary
3137,Action|War
3138,Drama
3139,Action|Adventure
3140,Comedy
3141,Drama
3142,Documentary|Musical
3143,Drama|War
3144,Comedy|Romance
3145,Drama
3146,Comedy
3147,Drama|Thriller
3148,Drama
3149,Mystery
3150,Drama
3151,Crime|Drama|Mystery
3152,Drama
3153,Action|Adventure|Fantasy
3154,Drama|War
3155,Drama|Romance
3156,Comedy|Drama|Sci-Fi
3157,Children's|Comedy
3158,Drama
3159,Animation|Children's|Musical
3160,Drama
3161,Drama
3162,Comedy|Drama
3163,Drama
3164,Drama
3165,Action|Drama
3166,Adventure
3167,Drama
3168,Adventure|Drama
3169,Drama
3171,Drama
3172,Adventure
3173,Drama
3174,Comedy|Drama
3175,Adventure|Comedy|Sci-Fi
3176,Drama|Mystery|Thriller
3177,Comedy
3178,Drama
3179,Drama
3180,Comedy|Drama
3181,Drama
3182,Documentary
3183,Drama
3184,Action|Comedy|Crime|Drama
3185,Drama
3186,Drama
3187,Drama
3188,Documentary
3189,Comedy
3190,Adventure|Sci-Fi
3192,Drama
3194,Drama
3196,Drama|War
3197,Action
3198,Drama
3199,Comedy|Musical|Romance
3200,Comedy|Drama
3201,Drama
3202,Drama
3203,Thriller
3204,Thriller
3205,Horror
3206,Romance
3207,Adventure
3208,Action|Comedy
3209,Drama
3210,Comedy
3211,Drama
3212,Drama
3213,Animation|Children's
3214,Drama
3215,Drama
3216,Horror
3217,Drama
3218,Drama
3219,Thriller
3220,Drama
3221,Drama
3222,Drama
3223,Drama
3224,Drama
3225,Comedy|Romance
3228,Comedy
3229,Crime|Drama
3230,Thriller
3232,Comedy
3233,Comedy
3235,Comedy
3236,Western
3237,Documentary
3238,Thriller
3239,Comedy
3240,Comedy
3241,Comedy
3242,Comedy
3243,Comedy
3244,Comedy|Romance
3245,Drama
3246,Drama
3247,Comedy|Crime
3248,Comedy
3249,Thriller
3250,Drama
3251,Drama|Mystery
3252,Drama
3253,Comedy
3254,Comedy
3255,Comedy|Drama
3256,Action|Thriller
3257,Action|Drama|Romance|Thriller
3258,Comedy
3259,Drama|Romance
3260,Drama
3261,Comedy|Drama|Romance
3262,Drama|Mystery
3263,Comedy
3264,Comedy|Horror
3265,Action|Crime
3266,Action|Comedy|Crime|Drama
3267,Action|Thriller
3268,Action|Comedy
3269,Adventure|Romance|Sci-Fi
3270,Drama
3271,Drama
3272,Crime|Drama
3273,Horror|Mystery|Thriller
3274,Action
3275,Action|Comedy
3276,Comedy
3277,Drama
3280,Horror
3281,Documentary
3282,Comedy
3283,Action
3284,Comedy|Romance
3285,Adventure|Drama
3286,Comedy
3287,Animation|Children's
3288,Drama
3289,Drama
3290,Comedy
3291,Thriller
3292,Film-Noir
3293,Drama|Sci-Fi
3294,Horror
3295,Drama
3296,Drama
3297,Documentary
3298,Drama
3299,Comedy|Drama
3300,Action|Sci-Fi
3301,Comedy|Crime
3302,Comedy
3303,Documentary
3304,Crime|Drama
3305,Film-Noir|Horror
3306,Comedy
3307,Comedy|Drama|Romance
3308,Comedy|Drama
3309,Comedy
3310,Action
3311,Western
3312,Drama
3313,Comedy
3314,Action|Drama
3315,Musical
3316,Action|Thriller
3317,Comedy|Drama
3318,Thriller
3319,Drama
3320,Comedy|Romance
3321,Comedy
3322,Comedy
3323,Comedy|Crime
3324,Comedy
3325,Comedy|Drama
3326,Comedy|Sci-Fi
3327,Documentary
3328,Crime|Drama
3329,Drama
3330,Drama
3331,Drama
3333,Drama
3334,Crime|Drama|Film-Noir|Thriller
3335,Crime|Drama
3336,Drama
3337,Comedy|Drama
3338,Documentary
3339,War
3340,Horror|Sci-Fi
3341,Comedy
3342,Drama|War
3343,Comedy|Drama|Romance
3344,Horror
3345,Adventure|Children's
3346,Horror
3347,Drama
3349,Comedy
3350,Drama
3351,Horror
3352,Drama
3353,Comedy|Romance
3354,Sci-Fi
3355,Thriller
3357,Drama|Romance
3358,Comedy|Romance
3359,Drama
3360,Drama
3361,Comedy
3362,Comedy|Crime|Drama
3363,Comedy|Drama
3364,Crime|Film-Noir
3365,Western
3366,Action|Adventure|War
3367,War
3368,Romance|Western
3370,Drama|Thriller
3371,Drama
3372,Action|War
3373,Western
3374,Drama
3375,Sci-Fi
3376,Romance
3377,Drama|War
3378,Drama
3379,Drama
3380,Film-Noir
3381,Comedy|Drama
3382,Drama
3384,Action
3385,Comedy
3386,Drama|Mystery
3387,Comedy
3388,Comedy
3389,Action|Adventure
3390,Adventure
3391,Comedy
3392,Comedy
3393,Comedy|Fantasy
3394,Comedy|Romance
3395,Comedy
3396,Children's|Comedy
3397,Children's|Comedy
3398,Children's|Comedy
3399,Children's|Comedy
3400,Animation|Children's
3401,Adventure|Sci-Fi
3402,Drama
3403,Drama|Thriller
3404,Action|Drama
3405,Action|Drama
3406,Action|Adventure|War
3407,Comedy|Drama
3408,Drama
3409,Drama|Thriller
3410,Comedy|Drama
3412,Adventure
3413,Crime|Drama
3414,Romance
3415,Drama
3416,Drama
3417,Adventure|Comedy|Sci-Fi
3418,Action|Drama
3419,Comedy|Crime
3420,Drama|Thriller
3421,Comedy
3422,Comedy|Romance
3423,Drama
3424,Comedy|Drama
3425,Drama
3426,Drama|Romance
3427,Crime
3428,Drama
3429,Animation|Comedy
3430,Action|Drama
3431,Action|Drama
3432,Action|Drama
3433,Action|Drama
3434,Action|Drama
3435,Crime|Film-Noir
3436,Drama|Romance
3437,Drama
3438,Action|Children's|Fantasy
3439,Action|Children's|Fantasy
3440,Action|Children's|Fantasy
3441,Action|War
3442,Action
3443,Action|Drama|Thriller
3444,Action
3445,Mystery|Thriller
3446,Comedy
3447,Drama
3448,Comedy|Drama|War
3449,Drama
3450,Comedy
3451,Comedy|Drama
3452,Action|Romance
3453,Drama|Romance
3454,Comedy|Romance
3456,Drama
3457,Drama
3458,Drama|Romance
3459,Drama|Horror
3460,Comedy
3461,Adventure|Drama|Thriller
3462,Comedy
3463,Comedy
3464,Sci-Fi|Thriller
3465,Drama
3466,Comedy|Fantasy
3467,Drama|Western
3468,Drama
3469,Drama
3470,Adventure|Drama
3471,Drama|Sci-Fi
3472,Horror
3473,Comedy
3474,Sci-Fi|Thriller
3475,Drama|Romance
3476,Horror|Mystery|Thriller
3477,Comedy|Drama
3478,Drama
3479,Adventure|Fantasy|Romance
3480,Drama
3481,Comedy
3482,Drama
3483,Animation|Children's
3484,Thriller
3485,Horror
3486,Sci-Fi
3487,Western
3488,Horror|Sci-Fi
3489,Adventure|Fantasy
3490,Horror
3491,Comedy
3492,Adventure
3493,Horror
3494,Adventure|Western
3495,Comedy|Drama
3496,Drama
3497,Comedy
3498,Drama
3499,Horror
3500,Comedy|Drama
3501,Comedy|Romance
3502,Drama
3503,Drama|Sci-Fi
3504,Comedy|Drama
3505,Thriller
3506,Comedy|Drama
3507,Comedy
3508,Western
3509,Drama
3510,Drama|Thriller
3511,Comedy
3512,Drama|Romance
3513,Drama|Thriller
3514,Drama
3515,Comedy
3516,Comedy|Romance
3517,Crime|Drama
3518,Drama|Thriller
3519,Action|War
3520,Comedy
3521,Comedy|Crime|Drama
3522,Drama
3523,Action|Thriller
3524,Comedy|Romance
3525,Comedy
3526,Comedy|Drama
3527,Action|Sci-Fi|Thriller
3528,Drama|Romance
3529,Crime|Thriller
3530,Comedy
3531,Comedy|Drama|Romance
3532,Comedy
3533,Drama
3534,Comedy
3535,Comedy|Horror|Thriller
3536,Comedy|Romance
3537,Comedy|Drama
3538,Comedy
3539,Documentary
3540,Romance|Thriller
3542,Drama
3543,Comedy|Drama
3544,Comedy
3545,Musical|War
3546,Drama|Thriller
3547,Drama
3548,Comedy|Drama
3549,Musical
3550,Horror
3551,Thriller
3552,Comedy
3553,Drama|Thriller
3554,Drama|Romance
3555,Action|Thriller
3556,Comedy|Drama
3557,Thriller
3559,Drama
3562,Comedy|Drama
3563,Action|Horror
3564,Children's|Comedy
3565,Comedy|Drama
3566,Comedy|Drama
3567,Comedy
3568,Drama
3569,Comedy|Drama
3570,Drama
3571,Drama
3572,Horror|Sci-Fi
3573,Horror|Sci-Fi
3574,Horror|Sci-Fi
3575,Drama
3576,Action|Horror|Sci-Fi
3577,Drama
3578,Action|Drama
3579,Drama
3580,Drama
3581,Drama
3584,Action|Drama|Romance|Thriller
3585,Adventure|War
3586,Drama
3587,Horror
3588,Crime|Drama
3590,Comedy
3591,Comedy|Drama
3592,Animation|Sci-Fi
3593,Action|Sci-Fi
3594,Drama
3595,Comedy
3596,Comedy
3597,Comedy
3598,Drama
3599,Comedy|Musical
3600,Comedy|Musical
3601,Comedy|Western
3602,Musical
3603,Comedy
3604,Musical
3605,Drama|Musical
3606,Musical
3607,Comedy|Drama|Western
3608,Comedy
3609,Documentary
3610,Musical
3611,Animation|Children's|Comedy
3612,Adventure|Musical|Romance
3613,Comedy
3614,Comedy|Romance
3615,Animation|Children's
3616,Comedy|Romance
3617,Comedy
3618,Comedy
3619,Comedy
3620,Comedy|Drama
3621,Drama|Horror
3622,Comedy
3623,Action|Thriller
3624,Action
3625,Documentary
3626,Comedy
3627,Horror|Thriller
3628,Action|Drama|War
3629,Comedy
3631,Comedy
3632,Comedy
3633,Action
3634,Thriller
3635,Action
3636,Drama
3637,Drama
3638,Action|Romance|Sci-Fi
3639,Action
3640,Comedy|Drama
3641,Drama
3642,Western
3643,Action|Drama|War
3644,Western
3645,Drama
3646,Comedy
3647,Drama
3648,Horror|Sci-Fi
3649,Drama
3651,Horror
3652,Horror
3653,Documentary
3654,Action|Drama|War
3655,Drama
3656,Crime
3657,Drama
3658,Sci-Fi
3659,Sci-Fi|Thriller
3660,Horror|Sci-Fi|Thriller
3661,Horror|Sci-Fi|Thriller
3662,Horror|Sci-Fi|Thriller
3663,Horror|Sci-Fi|Thriller
3664,Horror|Sci-Fi|Thriller
3665,Horror|Sci-Fi|Thriller
3666,Horror|Sci-Fi|Thriller
3667,Action|Comedy
3668,Drama|Romance
3669,Comedy
3670,War
3671,Comedy|Western
3672,Adventure|Children's
3673,Adventure|Children's
3674,Adventure|Children's
3675,Musical
3676,Drama|Horror
3677,Documentary
3678,Drama
3679,Documentary
3680,Documentary
3681,Western
3682,Western
3683,Drama|Film-Noir
3684,Drama|Romance
3685,Comedy|Drama|Romance
3686,Thriller
3687,Sci-Fi
3688,Comedy
3689,Comedy
3690,Comedy
3691,Comedy
3692,Comedy|Horror
3693,Comedy|Horror
3694,Comedy|Horror
3695,Comedy|Horror
3696,Comedy|Horror|Sci-Fi
3697,Action|Sci-Fi|Thriller
3698,Action|Adventure|Sci-Fi
3699,Adventure|Drama|Romance|Sci-Fi
3700,Drama|Sci-Fi
3701,Crime|Drama|Sci-Fi
3702,Action|Sci-Fi
3703,Action|Sci-Fi
3704,Action|Sci-Fi
3705,Action|Adventure|Romance|Thriller
3706,Film-Noir|Mystery|Thriller
3707,Drama
3708,Horror|Thriller
3709,Horror
3710,Action|Comedy
3711,Drama
3712,Comedy
3713,Drama
3714,Drama
3715,Comedy
3716,Action|Crime
3717,Action|Crime
3718,Documentary
3719,Comedy|Romance
3720,Drama
3721,Comedy
3722,Comedy
3723,Drama
3724,Drama|War
3725,Animation|Musical
3726,Action|Thriller
3727,Comedy|Horror
3728,Thriller
3729,Action|Crime
3730,Drama|Mystery
3731,Drama|Thriller
3732,Horror
3733,Drama
3734,Drama
3735,Crime|Drama
3736,Drama
3737,Drama|Western
3738,Drama
3739,Comedy|Romance
3740,Action|Comedy
3741,Crime|Drama
3742,Drama|War
3743,Comedy|Romance
3744,Action|Crime
3745,Adventure|Animation|Sci-Fi
3746,Drama|War
3747,Drama
3748,Comedy|Romance
3749,Drama
3751,Animation|Children's|Comedy
3752,Comedy
3753,Action|Drama|War
3754,Animation|Children's|Comedy
3755,Action|Adventure|Thriller
3756,Drama
3757,Horror
3758,Drama|Sci-Fi|Thriller
3759,Animation|Children's|Musical
3760,Comedy
3761,Crime|Drama
3762,Horror
3763,Action|Crime|Thriller
3764,Action|Crime|Thriller
3765,Drama|Romance
3766,Action|War
3767,Action|War
3768,Action|War
3769,Action
3770,Adventure|Crime|Sci-Fi|Thriller
3771,Action|Adventure
3772,Horror
3773,Comedy
3774,Comedy
3775,Animation|Children's|Musical
3776,Animation|Children's|Musical
3777,Comedy|Horror
3778,Comedy|Drama
3779,Sci-Fi
3780,Sci-Fi
3781,Action|Crime
3782,Action|Crime
3783,Crime|Drama
3784,Comedy
3785,Comedy|Horror
3786,Comedy
3787,Comedy
3788,Drama|Mystery
3789,Drama
3790,Drama
3791,Drama
3792,Western
3793,Action|Sci-Fi
3794,Comedy|Drama
3795,Drama
3796,Romance|Thriller
3797,Thriller
3798,Thriller
3799,Animation|Children's
3800,Drama|Romance
3801,Drama|Mystery
3802,Action|Sci-Fi
3803,Drama
3804,Comedy
3805,Action|Adventure|Drama
3806,Western
3807,Action|Adventure
3808,Drama|War
3809,Comedy
3810,Drama|Thriller
3811,Drama|War
3812,Comedy
3813,Drama
3814,Comedy
3816,Drama
3817,Comedy|Drama
3818,Comedy|Musical
3819,Comedy
3820,Children's
3821,Comedy
3822,Drama|Romance
3823,Drama
3824,Drama|Romance
3825,Drama
3826,Horror|Sci-Fi|Thriller
3827,Action|Sci-Fi
3828,Comedy
3830,Comedy|Horror|Thriller
3831,Comedy
3832,Horror
3833,Horror|Sci-Fi
3834,Adventure|Drama|Romance
3835,Thriller
3836,Action|Comedy|War
3837,Horror
3838,Horror
3839,Horror
3840,Horror
3841,Action|Comedy
3842,Horror
3843,Horror
3844,Drama
3845,Drama
3846,Comedy
3847,Horror
3848,Drama|Thriller
3849,Thriller
3850,Crime|Thriller
3851,Comedy
3852,Comedy
3853,Drama
3854,Drama|Romance
3855,Drama|Romance
3857,Thriller
3858,Comedy
3859,Documentary
3860,Crime
3861,Comedy
3862,Comedy
3863,Sci-Fi|Thriller
3864,Action|Adventure|Sci-Fi
3865,Comedy|Documentary
3866,Comedy
3867,Drama
3868,Comedy
3869,Comedy
3870,Drama
3871,Drama|Western
3872,Drama
3873,Comedy|Western
3874,Comedy|Romance
3875,Horror
3876,Drama
3877,Action|Adventure|Fantasy
3878,Sci-Fi
3879,Action
3880,Documentary
3881,Documentary
3882,Comedy
3883,Comedy|Drama
3884,Comedy
3885,Comedy|Romance
3886,Drama
3887,Drama
3888,Drama|Romance
3889,Action|Adventure|Fantasy
3890,Documentary
3891,Crime|Drama
3892,Horror
3893,Comedy|Thriller
3894,Drama
3895,Crime|Thriller
3896,Crime|Thriller
3897,Comedy|Drama
3898,Action|Comedy
3899,Comedy
3900,Comedy|Drama
3901,Comedy|Drama
3902,Drama
3903,Drama
3904,Drama
3905,Comedy
3906,Crime
3908,Horror
3909,Comedy|Romance
3910,Drama|Musical
3911,Comedy
3912,Comedy|Drama
3913,Documentary
3914,Drama
3915,Drama
3916,Drama
3917,Horror
3918,Horror
3919,Horror
3920,Drama|Fantasy
3921,Comedy
3922,Comedy
3923,Horror|Sci-Fi
3924,Comedy
3925,Comedy
3926,Adventure|Sci-Fi
3927,Adventure|Sci-Fi
3928,Comedy|Horror
3929,Comedy
3930,Horror
3931,Horror|Sci-Fi
3932,Horror|Sci-Fi
3933,Horror|Sci-Fi
3934,Sci-Fi
3935,Horror
3936,Drama|Thriller
3937,Sci-Fi|Thriller
3938,Horror
3939,Horror
3940,Horror
3941,Horror
3942,Horror
3943,Comedy
3944,Comedy|Drama
3945,Adventure|Animation|Children's
3946,Action|Drama|Thriller
3947,Thriller
3948,Comedy
3949,Drama
3950,Drama
3951,Drama
3952,Drama|Thriller
